symbol,underlying,realized_pnl,fifo_realized,commissions,n_trades,unrealized_pnl,position,markPrice,positionValue,subCategory,cash_pnl,dividends,borrow_fees,taxes,corp_actions,n_cash_rows,net_pnl,pair_label
AAPL,AAPL,0.0,0.0,0.0,0.0,548.70462,84.0,258.28,21695.52,COMMON,0.0,0.0,0.0,0.0,0.0,0.0,548.70462,AAPL / AAPL
APLY,AAPL,0.0,0.0,0.0,0.0,-13.211671,-344.0,12.47,-4289.68,ETF,0.0,0.0,0.0,0.0,0.0,0.0,-13.211671,AAPL / APLY
AAPU,AAPL,0.0,0.0,0.0,0.0,-84.663138,-100.0,30.03,-3003.0,ETF,0.0,0.0,0.0,0.0,0.0,0.0,-84.663138,AAPL / AAPU
AAPB,AAPL,0.0,0.0,0.0,0.0,-140.427989,-105.0,28.6635,-3009.67,ETF,0.0,0.0,0.0,0.0,0.0,0.0,-140.427989,AAPL / AAPB
AAPX,AAPL,0.0,0.0,0.0,0.0,-221.902733,-110.0,27.135,-2984.85,ETF,0.0,0.0,0.0,0.0,0.0,0.0,-221.902733,AAPL / AAPX
ABNY,ABNB,0.0,0.0,0.0,0.0,54.759433,-91.0,44.8559,-4081.89,ETF,0.0,0.0,0.0,0.0,0.0,0.0,54.759433,ABNB / ABNY
ABNB,ABNB,0.0,0.0,0.0,0.0,-34.474585,31.0,131.77,4084.87,COMMON,0.0,0.0,0.0,0.0,0.0,0.0,-34.474585,ABNB / ABNB
AIYY,AI,0.0,0.0,0.0,0.0,315.219691,-259.0,15.41,-3991.19,ETF,0.0,0.0,0.0,0.0,0.0,0.0,315.219691,AI / AIYY
AI,AI,0.0,0.0,0.0,0.0,-281.560149,327.0,12.26,4009.02,COMMON,0.0,0.0,0.0,0.0,0.0,0.0,-281.560149,AI / AI
LABX,ALAB,0.0,0.0,0.0,0.0,353.645893,-188.0,13.605,-2557.74,ETF,0.0,0.0,0.0,0.0,0.0,0.0,353.645893,ALAB / LABX
ALAB,ALAB,0.0,0.0,0.0,0.0,-393.280685,33.0,160.46,5295.18,COMMON,0.0,0.0,0.0,0.0,0.0,0.0,-393.280685,ALAB / ALAB
AMD,AMD,0.0,0.0,0.0,0.0,651.71881,80.0,252.18,20174.4,COMMON,0.0,0.0,0.0,0.0,0.0,0.0,651.71881,AMD / AMD
AMDY,AMD,0.0,0.0,0.0,0.0,121.166048,-102.0,39.71,-4050.42,ETF,0.0,0.0,0.0,0.0,0.0,0.0,121.166048,AMD / AMDY
AMDG,AMD,0.0,0.0,0.0,0.0,-131.053544,-74.0,35.71,-2642.54,ETF,0.0,0.0,0.0,0.0,0.0,0.0,-131.053544,AMD / AMDG
AMDL,AMD,0.0,0.0,0.0,0.0,-420.044791,-126.0,21.05,-2652.3,ETF,0.0,0.0,0.0,0.0,0.0,0.0,-420.044791,AMD / AMDL
AMUU,AMD,0.0,0.0,0.0,0.0,-446.656936,-35.0,73.9311,-2587.59,ETF,0.0,0.0,0.0,0.0,0.0,0.0,-446.656936,AMD / AMUU
AMZN,AMZN,0.0,0.0,0.0,0.0,249.988939,90.0,241.73,21755.7,COMMON,0.0,0.0,0.0,0.0,0.0,0.0,249.988939,AMZN / AMZN
AMZY,AMZN,0.0,0.0,0.0,0.0,5.693393,-316.0,13.23,-4180.68,ETF,0.0,0.0,0.0,0.0,0.0,0.0,5.693393,AMZN / AMZY
AZYY,AMZN,0.0,0.0,0.0,0.0,-5.473957,-60.0,19.455,-1167.3,ETF,0.0,0.0,0.0,0.0,0.0,0.0,-5.473957,AMZN / AZYY
AMZW,AMZN,0.0,0.0,0.0,0.0,-12.0602,-96.0,43.4,-4166.4,ETF,0.0,0.0,0.0,0.0,0.0,0.0,-12.0602,AMZN / AMZW
AMZZ,AMZN,0.0,0.0,0.0,0.0,-58.266304,-82.0,33.99,-2787.18,ETF,0.0,0.0,0.0,0.0,0.0,0.0,-58.266304,AMZN / AMZZ
AMZU,AMZN,0.0,0.0,0.0,0.0,-71.402968,-74.0,37.77,-2794.98,ETF,0.0,0.0,0.0,0.0,0.0,0.0,-71.402968,AMZN / AMZU
APP,APP,0.0,0.0,0.0,0.0,128.894172,10.0,569.24,5692.4,COMMON,0.0,0.0,0.0,0.0,0.0,0.0,128.894172,APP / APP
APPX,APP,0.0,0.0,0.0,0.0,-102.031307,-132.0,24.29,-3206.28,ETF,0.0,0.0,0.0,0.0,0.0,0.0,-102.031307,APP / APPX
ARMW,ARM,0.0,0.0,0.0,0.0,211.343006,-148.0,25.69,-3802.12,ETF,0.0,0.0,0.0,0.0,0.0,0.0,211.343006,ARM / ARMW
ARM,ARM,0.0,0.0,0.0,0.0,-139.031428,36.0,108.43,3903.48,ADR,0.0,0.0,0.0,0.0,0.0,0.0,-139.031428,ARM / ARM
ASTS,ASTS,0.0,0.0,0.0,0.0,547.976729,14.0,122.09,1709.26,COMMON,0.0,0.0,0.0,0.0,0.0,0.0,547.976729,ASTS / ASTS
ASTX,ASTS,0.0,0.0,0.0,0.0,-505.009437,-9.0,101.15,-910.35,ETF,0.0,0.0,0.0,0.0,0.0,0.0,-505.009437,ASTS / ASTX
AVGO,AVGO,0.0,0.0,0.0,0.0,263.294429,34.0,330.73,11244.82,COMMON,0.0,0.0,0.0,0.0,0.0,0.0,263.294429,AVGO / AVGO
AVL,AVGO,0.0,0.0,0.0,0.0,-36.563801,-74.0,39.43,-2917.82,ETF,0.0,0.0,0.0,0.0,0.0,0.0,-36.563801,AVGO / AVL
AVGG,AVGO,0.0,0.0,0.0,0.0,-196.334306,-121.0,24.24,-2933.04,ETF,0.0,0.0,0.0,0.0,0.0,0.0,-196.334306,AVGO / AVGG
BOEG,BA,0.0,0.0,0.0,0.0,273.202566,-136.0,17.3581,-2360.7,ETF,0.0,0.0,0.0,0.0,0.0,0.0,273.202566,BA / BOEG
BOEU,BA,0.0,0.0,0.0,0.0,220.018099,-54.0,44.0075,-2376.41,ETF,0.0,0.0,0.0,0.0,0.0,0.0,220.018099,BA / BOEU
BA,BA,0.0,0.0,0.0,0.0,-604.646571,44.0,234.04,10297.76,COMMON,0.0,0.0,0.0,0.0,0.0,0.0,-604.646571,BA / BA
BABA,BABA,0.0,0.0,0.0,0.0,244.732658,56.0,174.25,9758.0,ADR,0.0,0.0,0.0,0.0,0.0,0.0,244.732658,BABA / BABA
BABX,BABA,0.0,0.0,0.0,0.0,-55.929034,-56.0,49.41,-2766.96,ETF,0.0,0.0,0.0,0.0,0.0,0.0,-55.929034,BABA / BABX
BABO,BABA,0.0,0.0,0.0,0.0,-83.414146,-284.0,14.56,-4135.04,ETF,0.0,0.0,0.0,0.0,0.0,0.0,-83.414146,BABA / BABO
BLSX,BLSH,0.0,0.0,0.0,0.0,671.255109,-273.0,8.19,-2235.87,ETF,0.0,0.0,0.0,0.0,0.0,0.0,671.255109,BLSH / BLSX
BLSH,BLSH,0.0,0.0,0.0,0.0,-679.411428,154.0,32.66,5029.64,COMMON,0.0,0.0,0.0,0.0,0.0,0.0,-679.411428,BLSH / BLSH
BRKU,BRK-B,0.0,0.0,0.0,0.0,145.309788,-122.0,22.1,-2696.2,ETF,0.0,0.0,0.0,0.0,0.0,0.0,145.309788,BRK-B / BRKU
BRKC,BRK-B,0.0,0.0,0.0,0.0,113.547714,-96.0,42.5554,-4085.32,ETF,0.0,0.0,0.0,0.0,0.0,0.0,113.547714,BRK-B / BRKC
CEGX,CEG,0.0,0.0,0.0,0.0,380.305879,-155.0,17.9,-2774.5,ETF,0.0,0.0,0.0,0.0,0.0,0.0,380.305879,CEG / CEGX
CEG,CEG,0.0,0.0,0.0,0.0,-356.377428,19.0,287.45,5461.55,COMMON,0.0,0.0,0.0,0.0,0.0,0.0,-356.377428,CEG / CEG
CELH,CELH,0.0,0.0,0.0,0.0,4.344972,100.0,53.37,5337.0,COMMON,0.0,0.0,0.0,0.0,0.0,0.0,4.344972,CELH / CELH
CELT,CELH,0.0,0.0,0.0,0.0,3.619258,-166.0,15.307,-2540.96,ETF,0.0,0.0,0.0,0.0,0.0,0.0,3.619258,CELH / CELT
CLS,CLS,0.0,0.0,0.0,0.0,31.584086,7.0,300.0,2100.0,COMMON,0.0,0.0,0.0,0.0,0.0,0.0,31.584086,CLS / CLS
CSEX,CLS,0.0,0.0,0.0,0.0,9.862991,-61.0,16.8,-1024.8,ETF,0.0,0.0,0.0,0.0,0.0,0.0,9.862991,CLS / CSEX
CMGG,CMG,0.0,0.0,0.0,0.0,147.027035,-114.0,21.9746,-2505.1,ETF,0.0,0.0,0.0,0.0,0.0,0.0,147.027035,CMG / CMGG
CMG,CMG,0.0,0.0,0.0,0.0,-131.958028,135.0,39.1,5278.5,COMMON,0.0,0.0,0.0,0.0,0.0,0.0,-131.958028,CMG / CMG
CNCG,CNC,0.0,0.0,0.0,0.0,345.123472,-137.0,18.0715,-2475.8,ETF,0.0,0.0,0.0,0.0,0.0,0.0,345.123472,CNC / CNCG
CNC,CNC,0.0,0.0,0.0,0.0,-294.024514,120.0,43.6,5232.0,COMMON,0.0,0.0,0.0,0.0,0.0,0.0,-294.024514,CNC / CNC
COIW,COIN,0.0,0.0,0.0,0.0,457.981651,-227.0,16.24,-3686.48,ETF,0.0,0.0,0.0,0.0,0.0,0.0,457.981651,COIN / COIW
COIN,COIN,0.0,0.0,0.0,0.0,-614.354687,19.0,199.18,3784.42,COMMON,0.0,0.0,0.0,0.0,0.0,0.0,-614.354687,COIN / COIN
COTG,COST,0.0,0.0,0.0,0.0,181.834254,-187.0,13.875,-2594.63,ETF,0.0,0.0,0.0,0.0,0.0,0.0,181.834254,COST / COTG
COST,COST,0.0,0.0,0.0,0.0,-186.888457,6.0,952.89,5717.34,COMMON,0.0,0.0,0.0,0.0,0.0,0.0,-186.888457,COST / COST
CRMG,CRM,0.0,0.0,0.0,0.0,571.093846,-277.0,8.71,-2412.67,ETF,0.0,0.0,0.0,0.0,0.0,0.0,571.093846,CRM / CRMG
CRM,CRM,0.0,0.0,0.0,0.0,-553.880428,24.0,214.08,5137.92,COMMON,0.0,0.0,0.0,0.0,0.0,0.0,-553.880428,CRM / CRM
CRWL,CRWD,0.0,0.0,0.0,0.0,147.40432,-98.0,27.0015,-2646.15,ETF,0.0,0.0,0.0,0.0,0.0,0.0,147.40432,CRWD / CRWL
CRWD,CRWD,0.0,0.0,0.0,0.0,-124.857914,12.0,444.62,5335.44,COMMON,0.0,0.0,0.0,0.0,0.0,0.0,-124.857914,CRWD / CRWD
CRWV,CRWV,0.0,0.0,0.0,0.0,1058.431515,117.0,99.53,11645.01,COMMON,0.0,0.0,0.0,0.0,0.0,0.0,1058.431515,CRWV / CRWV
CRWG,CRWV,0.0,0.0,0.0,0.0,-301.165412,-613.0,4.92,-3015.96,ETF,0.0,0.0,0.0,0.0,0.0,0.0,-301.165412,CRWV / CRWG
CWVX,CRWV,0.0,0.0,0.0,0.0,-662.258984,-76.0,39.75,-3021.0,ETF,0.0,0.0,0.0,0.0,0.0,0.0,-662.258984,CRWV / CWVX
CSCO,CSCO,0.0,0.0,0.0,0.0,265.068172,74.0,78.43,5803.82,COMMON,0.0,0.0,0.0,0.0,0.0,0.0,265.068172,CSCO / CSCO
CSCL,CSCO,0.0,0.0,0.0,0.0,-268.451113,-99.0,31.0138,-3070.37,ETF,0.0,0.0,0.0,0.0,0.0,0.0,-268.451113,CSCO / CSCL
CVNY,CVNA,0.0,0.0,0.0,0.0,351.530354,-105.0,35.44,-3721.2,ETF,0.0,0.0,0.0,0.0,0.0,0.0,351.530354,CVNA / CVNY
CVNA,CVNA,0.0,0.0,0.0,0.0,-324.837171,9.0,427.44,3846.96,COMMON,0.0,0.0,0.0,0.0,0.0,0.0,-324.837171,CVNA / CVNA
DKUP,DKNG,0.0,0.0,0.0,0.0,-6.703057,-306.0,9.0096,-2756.94,ETF,0.0,0.0,0.0,0.0,0.0,0.0,-6.703057,DKNG / DKUP
DKNG,DKNG,0.0,0.0,0.0,0.0,-586.223323,185.0,29.94,5538.9,COMMON,0.0,0.0,0.0,0.0,0.0,0.0,-586.223323,DKNG / DKNG
ENPX,ENPH,0.0,0.0,0.0,0.0,207.119696,-122.0,20.53,-2504.66,ETF,0.0,0.0,0.0,0.0,0.0,0.0,207.119696,ENPH / ENPX
ENPH,ENPH,0.0,0.0,0.0,0.0,-192.31836,140.0,38.25,5355.0,COMMON,0.0,0.0,0.0,0.0,0.0,0.0,-192.31836,ENPH / ENPH
ETHT,ETHA,0.0,0.0,0.0,0.0,575.292271,-77.0,31.76,-2445.52,ETF,0.0,0.0,0.0,0.0,0.0,0.0,575.292271,ETHA / ETHT
ETHU,ETHA,0.0,0.0,0.0,0.0,478.503011,-53.0,46.58,-2468.74,ETF,0.0,0.0,0.0,0.0,0.0,0.0,478.503011,ETHA / ETHU
ETU,ETHA,0.0,0.0,0.0,0.0,463.14497,-199.0,12.43,-2473.57,ETF,0.0,0.0,0.0,0.0,0.0,0.0,463.14497,ETHA / ETU
ETHA,ETHA,0.0,0.0,0.0,0.0,-1575.294494,745.0,21.11,15726.95,ETF,0.0,0.0,0.0,0.0,0.0,0.0,-1575.294494,ETHA / ETHA
GOOGL,GOOGL,0.0,0.0,0.0,0.0,270.827366,29.0,338.25,9809.25,COMMON,0.0,0.0,0.0,0.0,0.0,0.0,270.827366,GOOGL / GOOGL
GOOY,GOOGL,0.0,0.0,0.0,0.0,-78.2962,-279.0,15.08,-4207.32,ETF,0.0,0.0,0.0,0.0,0.0,0.0,-78.2962,GOOGL / GOOY
GGLL,GOOGL,0.0,0.0,0.0,0.0,-204.775382,-26.0,111.77,-2906.02,ETF,0.0,0.0,0.0,0.0,0.0,0.0,-204.775382,GOOGL / GGLL
GS,GS,0.0,0.0,0.0,0.0,92.887486,6.0,940.12,5640.72,COMMON,0.0,0.0,0.0,0.0,0.0,0.0,92.887486,GS / GS
GSX,GS,0.0,0.0,0.0,0.0,-82.019294,-84.0,34.02,-2857.68,ETF,0.0,0.0,0.0,0.0,0.0,0.0,-82.019294,GS / GSX
XXRP,GXRP,0.0,0.0,0.0,0.0,505.971404,-276.0,8.61,-2376.36,ETF,0.0,0.0,0.0,0.0,0.0,0.0,505.971404,GXRP / XXRP
GXRP,GXRP,0.0,0.0,0.0,0.0,-497.254628,148.0,34.96,5174.08,ETF,0.0,0.0,0.0,0.0,0.0,0.0,-497.254628,GXRP / GXRP
HOOW,HOOD,0.0,0.0,0.0,0.0,548.627766,-95.0,39.5,-3752.5,ETF,0.0,0.0,0.0,0.0,0.0,0.0,548.627766,HOOD / HOOW
HOOY,HOOD,0.0,0.0,0.0,0.0,395.200756,-93.0,41.5,-3859.5,ETF,0.0,0.0,0.0,0.0,0.0,0.0,395.200756,HOOD / HOOY
HOOD,HOOD,0.0,0.0,0.0,0.0,-807.050995,76.0,101.24,7694.24,COMMON,0.0,0.0,0.0,0.0,0.0,0.0,-807.050995,HOOD / HOOD
BITU,IBIT,0.0,0.0,0.0,0.0,540.758246,-122.0,19.8,-2415.6,ETF,0.0,0.0,0.0,0.0,0.0,0.0,540.758246,IBIT / BITU
BTCL,IBIT,0.0,0.0,0.0,0.0,439.63018,-92.0,26.035,-2395.22,ETF,0.0,0.0,0.0,0.0,0.0,0.0,439.63018,IBIT / BTCL
BITX,IBIT,0.0,0.0,0.0,0.0,436.925134,-97.0,24.97,-2422.09,ETF,0.0,0.0,0.0,0.0,0.0,0.0,436.925134,IBIT / BITX
XBTY,IBIT,0.0,0.0,0.0,0.0,238.87626,-272.0,9.726,-2645.47,ETF,0.0,0.0,0.0,0.0,0.0,0.0,238.87626,IBIT / XBTY
IBIT,IBIT,0.0,0.0,0.0,0.0,-2023.026901,435.0,47.6,20706.0,ETF,0.0,0.0,0.0,0.0,0.0,0.0,-2023.026901,IBIT / IBIT
INTC,INTC,0.0,0.0,0.0,0.0,325.697386,123.0,48.66,5985.18,COMMON,0.0,0.0,0.0,0.0,0.0,0.0,325.697386,INTC / INTC
INTW,INTC,0.0,0.0,0.0,0.0,-262.257074,-48.0,67.64,-3246.72,ETF,0.0,0.0,0.0,0.0,0.0,0.0,-262.257074,INTC / INTW
IREN,IREN,0.0,0.0,0.0,0.0,755.805915,95.0,59.84,5684.8,COMMON,0.0,0.0,0.0,0.0,0.0,0.0,755.805915,IREN / IREN
IREG,IREN,0.0,0.0,0.0,0.0,-643.291034,-77.0,37.1466,-2860.29,ETF,0.0,0.0,0.0,0.0,0.0,0.0,-643.291034,IREN / IREG
ISUL,ISRG,0.0,0.0,0.0,0.0,155.223773,-86.0,29.8933,-2570.82,ETF,0.0,0.0,0.0,0.0,0.0,0.0,155.223773,ISRG / ISUL
ISRG,ISRG,0.0,0.0,0.0,0.0,-160.950257,11.0,507.55,5583.05,COMMON,0.0,0.0,0.0,0.0,0.0,0.0,-160.950257,ISRG / ISRG
KLAC,KLAC,0.0,0.0,0.0,0.0,727.009743,4.0,1684.71,6738.84,COMMON,0.0,0.0,0.0,0.0,0.0,0.0,727.009743,KLAC / KLAC
KLAG,KLAC,0.0,0.0,0.0,0.0,-809.025229,-117.0,29.9101,-3499.48,ETF,0.0,0.0,0.0,0.0,0.0,0.0,-809.025229,KLAC / KLAG
ELIL,LLY,0.0,0.0,0.0,0.0,250.204705,-99.0,25.24,-2498.76,ETF,0.0,0.0,0.0,0.0,0.0,0.0,250.204705,LLY / ELIL
LLY,LLY,0.0,0.0,0.0,0.0,-252.894881,5.0,1024.14,5120.7,COMMON,0.0,0.0,0.0,0.0,0.0,0.0,-252.894881,LLY / LLY
LMT,LMT,0.0,0.0,0.0,0.0,457.862829,9.0,622.51,5602.59,COMMON,0.0,0.0,0.0,0.0,0.0,0.0,457.862829,LMT / LMT
LMTL,LMT,0.0,0.0,0.0,0.0,-510.765337,-63.0,48.8,-3074.4,ETF,0.0,0.0,0.0,0.0,0.0,0.0,-510.765337,LMT / LMTL
MARO,MARA,0.0,0.0,0.0,0.0,298.700261,-525.0,7.38,-3874.5,ETF,0.0,0.0,0.0,0.0,0.0,0.0,298.700261,MARA / MARO
MAAY,MARA,0.0,0.0,0.0,0.0,226.523646,-206.0,12.8019,-2637.19,ETF,0.0,0.0,0.0,0.0,0.0,0.0,226.523646,MARA / MAAY
MARA,MARA,0.0,0.0,0.0,0.0,-666.464136,908.0,9.86,8952.88,COMMON,0.0,0.0,0.0,0.0,0.0,0.0,-666.464136,MARA / MARA
MDBX,MDB,0.0,0.0,0.0,0.0,347.400106,-44.0,53.94,-2373.36,ETF,0.0,0.0,0.0,0.0,0.0,0.0,347.400106,MDB / MDBX
MDB,MDB,0.0,0.0,0.0,0.0,-320.412314,14.0,374.02,5236.28,COMMON,0.0,0.0,0.0,0.0,0.0,0.0,-320.412314,MDB / MDB
META,META,0.0,0.0,0.0,0.0,1365.126143,18.0,738.31,13289.58,COMMON,0.0,0.0,0.0,0.0,0.0,0.0,1365.126143,META / META
FBYY,META,0.0,0.0,0.0,0.0,-26.910747,-62.0,18.855,-1169.01,ETF,0.0,0.0,0.0,0.0,0.0,0.0,-26.910747,META / FBYY
FBY,META,0.0,0.0,0.0,0.0,-420.412774,-335.0,13.48,-4515.8,ETF,0.0,0.0,0.0,0.0,0.0,0.0,-420.412774,META / FBY
FBL,META,0.0,0.0,0.0,0.0,-808.787646,-85.0,39.79,-3382.15,ETF,0.0,0.0,0.0,0.0,0.0,0.0,-808.787646,META / FBL
MSFX,MSFT,0.0,0.0,0.0,0.0,439.745494,-109.0,21.44,-2336.96,ETF,0.0,0.0,0.0,0.0,0.0,0.0,439.745494,MSFT / MSFX
MSFW,MSFT,0.0,0.0,0.0,0.0,420.633104,-111.0,33.65,-3735.15,ETF,0.0,0.0,0.0,0.0,0.0,0.0,420.633104,MSFT / MSFW
MSFL,MSFT,0.0,0.0,0.0,0.0,420.455371,-117.0,21.3,-2492.1,ETF,0.0,0.0,0.0,0.0,0.0,0.0,420.455371,MSFT / MSFL
MSFO,MSFT,0.0,0.0,0.0,0.0,281.250332,-281.0,13.85,-3891.85,ETF,0.0,0.0,0.0,0.0,0.0,0.0,281.250332,MSFT / MSFO
MSFU,MSFT,0.0,0.0,0.0,0.0,201.173116,-31.0,32.45,-1005.95,ETF,0.0,0.0,0.0,0.0,0.0,0.0,201.173116,MSFT / MSFU
MSFT,MSFT,0.0,0.0,0.0,0.0,-1520.030476,46.0,433.5,19941.0,COMMON,0.0,0.0,0.0,0.0,0.0,0.0,-1520.030476,MSFT / MSFT
MSTW,MSTR,0.0,0.0,0.0,0.0,643.756188,-404.0,8.53,-3446.12,ETF,0.0,0.0,0.0,0.0,0.0,0.0,643.756188,MSTR / MSTW
MSOO,MSTR,0.0,0.0,0.0,0.0,124.450243,-100.0,7.1932,-719.32,ETF,0.0,0.0,0.0,0.0,0.0,0.0,124.450243,MSTR / MSOO
MTYY,MSTR,0.0,0.0,0.0,0.0,61.700243,-100.0,7.3004,-730.04,ETF,0.0,0.0,0.0,0.0,0.0,0.0,61.700243,MSTR / MTYY
MSTR,MSTR,0.0,0.0,0.0,0.0,-1034.200946,45.0,143.19,6443.55,COMMON,0.0,0.0,0.0,0.0,0.0,0.0,-1034.200946,MSTR / MSTR
MU,MU,0.0,0.0,0.0,0.0,1028.763372,13.0,435.79,5665.27,COMMON,0.0,0.0,0.0,0.0,0.0,0.0,1028.763372,MU / MU
MUU,MU,0.0,0.0,0.0,0.0,-1026.972171,-14.0,224.11,-3137.54,ETF,0.0,0.0,0.0,0.0,0.0,0.0,-1026.972171,MU / MUU
NFLW,NFLX,0.0,0.0,0.0,0.0,307.765528,-173.0,23.0,-3979.0,ETF,0.0,0.0,0.0,0.0,0.0,0.0,307.765528,NFLX / NFLW
NFLU,NFLX,0.0,0.0,0.0,0.0,290.427611,-104.0,25.16,-2616.64,ETF,0.0,0.0,0.0,0.0,0.0,0.0,290.427611,NFLX / NFLU
NFXL,NFLX,0.0,0.0,0.0,0.0,242.540786,-79.0,23.77,-1877.83,ETF,0.0,0.0,0.0,0.0,0.0,0.0,242.540786,NFLX / NFXL
NFLY,NFLX,0.0,0.0,0.0,0.0,225.865436,-380.0,10.61,-4031.8,ETF,0.0,0.0,0.0,0.0,0.0,0.0,225.865436,NFLX / NFLY
NFLX,NFLX,0.0,0.0,0.0,0.0,-858.297156,209.0,83.16,17380.44,COMMON,0.0,0.0,0.0,0.0,0.0,0.0,-858.297156,NFLX / NFLX
NVDA,NVDA,0.0,0.0,0.0,0.0,1169.659363,181.0,192.51,34844.31,COMMON,0.0,0.0,0.0,0.0,0.0,0.0,1169.659363,NVDA / NVDA
NVYY,NVDA,0.0,0.0,0.0,0.0,-51.787239,-155.0,18.2265,-2825.11,ETF,0.0,0.0,0.0,0.0,0.0,0.0,-51.787239,NVDA / NVYY
NVDY,NVDA,0.0,0.0,0.0,0.0,-54.188514,-287.0,14.67,-4210.29,ETF,0.0,0.0,0.0,0.0,0.0,0.0,-54.188514,NVDA / NVDY
NVDO,NVDA,0.0,0.0,0.0,0.0,-75.307315,-61.0,19.9498,-1216.94,ETF,0.0,0.0,0.0,0.0,0.0,0.0,-75.307315,NVDA / NVDO
NVDU,NVDA,0.0,0.0,0.0,0.0,-152.630126,-23.0,123.58,-2842.34,ETF,0.0,0.0,0.0,0.0,0.0,0.0,-152.630126,NVDA / NVDU
NVDB,NVDA,0.0,0.0,0.0,0.0,-153.112167,-98.0,29.51,-2891.98,ETF,0.0,0.0,0.0,0.0,0.0,0.0,-153.112167,NVDA / NVDB
NVDG,NVDA,0.0,0.0,0.0,0.0,-166.064423,-165.0,17.67,-2915.55,ETF,0.0,0.0,0.0,0.0,0.0,0.0,-166.064423,NVDA / NVDG
NVDL,NVDA,0.0,0.0,0.0,0.0,-208.550559,-31.0,92.47,-2866.57,ETF,0.0,0.0,0.0,0.0,0.0,0.0,-208.550559,NVDA / NVDL
OPEG,OPEN,0.0,0.0,0.0,0.0,456.367116,-277.0,8.4919,-2352.26,ETF,0.0,0.0,0.0,0.0,0.0,0.0,456.367116,OPEN / OPEG
OPEN,OPEN,0.0,0.0,0.0,0.0,-434.629905,921.0,5.58,5139.18,COMMON,0.0,0.0,0.0,0.0,0.0,0.0,-434.629905,OPEN / OPEN
PALU,PANW,0.0,0.0,0.0,0.0,217.661835,-163.0,16.1267,-2628.65,ETF,0.0,0.0,0.0,0.0,0.0,0.0,217.661835,PANW / PALU
PANG,PANW,0.0,0.0,0.0,0.0,211.653461,-264.0,9.9145,-2617.43,ETF,0.0,0.0,0.0,0.0,0.0,0.0,211.653461,PANW / PANG
PANW,PANW,0.0,0.0,0.0,0.0,-403.85999,61.0,176.2,10748.2,COMMON,0.0,0.0,0.0,0.0,0.0,0.0,-403.85999,PANW / PANW
PLTW,PLTR,0.0,0.0,0.0,0.0,698.974988,-122.0,29.36,-3581.92,ETF,0.0,0.0,0.0,0.0,0.0,0.0,698.974988,PLTR / PLTW
PTIR,PLTR,0.0,0.0,0.0,0.0,646.184061,-115.0,19.1,-2196.5,ETF,0.0,0.0,0.0,0.0,0.0,0.0,646.184061,PLTR / PTIR
PLTA,PLTR,0.0,0.0,0.0,0.0,638.369626,-108.0,20.35,-2197.8,ETF,0.0,0.0,0.0,0.0,0.0,0.0,638.369626,PLTR / PLTA
PLTU,PLTR,0.0,0.0,0.0,0.0,323.603825,-16.0,52.19,-835.04,ETF,0.0,0.0,0.0,0.0,0.0,0.0,323.603825,PLTR / PLTU
PLTR,PLTR,0.0,0.0,0.0,0.0,-2154.500337,102.0,151.86,15489.72,COMMON,0.0,0.0,0.0,0.0,0.0,0.0,-2154.500337,PLTR / PLTR
PYPY,PYPL,0.0,0.0,0.0,0.0,315.896274,-105.0,36.76,-3859.8,ETF,0.0,0.0,0.0,0.0,0.0,0.0,315.896274,PYPL / PYPY
PYPL,PYPL,0.0,0.0,0.0,0.0,-304.669828,73.0,53.11,3877.03,COMMON,0.0,0.0,0.0,0.0,0.0,0.0,-304.669828,PYPL / PYPL
QCMU,QCOM,0.0,0.0,0.0,0.0,310.023379,-126.0,21.0638,-2654.04,ETF,0.0,0.0,0.0,0.0,0.0,0.0,310.023379,QCOM / QCMU
QCOM,QCOM,0.0,0.0,0.0,0.0,-313.801128,36.0,152.22,5479.92,COMMON,0.0,0.0,0.0,0.0,0.0,0.0,-313.801128,QCOM / QCOM
QQQ,QQQ,0.0,0.0,0.0,0.0,315.098135,36.0,629.43,22659.48,ETF,0.0,0.0,0.0,0.0,0.0,0.0,315.098135,QQQ / QQQ
QQQX,QQQ,0.0,0.0,0.0,0.0,16.058924,-146.0,28.26,-4125.96,CLOSED-END FUND,0.0,0.0,0.0,0.0,0.0,0.0,16.058924,QQQ / QQQX
QYLD,QQQ,0.0,0.0,0.0,0.0,-19.623481,-234.0,17.85,-4176.9,ETF,0.0,0.0,0.0,0.0,0.0,0.0,-19.623481,QQQ / QYLD
QYLG,QQQ,0.0,0.0,0.0,0.0,-35.242622,-151.0,27.695,-4181.95,ETF,0.0,0.0,0.0,0.0,0.0,0.0,-35.242622,QQQ / QYLG
JEPQ,QQQ,0.0,0.0,0.0,0.0,-66.544817,-70.0,59.86,-4190.2,ETF,0.0,0.0,0.0,0.0,0.0,0.0,-66.544817,QQQ / JEPQ
TQQY,QQQ,0.0,0.0,0.0,0.0,-75.179022,-180.0,15.6946,-2825.03,ETF,0.0,0.0,0.0,0.0,0.0,0.0,-75.179022,QQQ / TQQY
RBLY,RBLX,0.0,0.0,0.0,0.0,120.178006,-165.0,25.6422,-4230.96,ETF,0.0,0.0,0.0,0.0,0.0,0.0,120.178006,RBLX / RBLY
RBLX,RBLX,0.0,0.0,0.0,0.0,-34.499028,56.0,75.73,4240.88,COMMON,0.0,0.0,0.0,0.0,0.0,0.0,-34.499028,RBLX / RBLX
RDYY,RDDT,0.0,0.0,0.0,0.0,429.680255,-44.0,29.54,-1299.76,ETF,0.0,0.0,0.0,0.0,0.0,0.0,429.680255,RDDT / RDYY
RDDT,RDDT,0.0,0.0,0.0,0.0,-395.575171,7.0,190.05,1330.35,COMMON,0.0,0.0,0.0,0.0,0.0,0.0,-395.575171,RDDT / RDDT
SNAG,SNAP,0.0,0.0,0.0,0.0,11.512953,-2.0,13.5226,-27.05,ETF,0.0,0.0,0.0,0.0,0.0,0.0,11.512953,SNAP / SNAG
SNAP,SNAP,0.0,0.0,0.0,0.0,-11.23294,8.0,7.24,57.92,COMMON,0.0,0.0,0.0,0.0,0.0,0.0,-11.23294,SNAP / SNAP
SNOU,SNOW,0.0,0.0,0.0,0.0,379.727194,-73.0,33.32,-2432.36,ETF,0.0,0.0,0.0,0.0,0.0,0.0,379.727194,SNOW / SNOU
SNOY,SNOW,0.0,0.0,0.0,0.0,248.340795,-366.0,10.84,-3967.44,ETF,0.0,0.0,0.0,0.0,0.0,0.0,248.340795,SNOW / SNOY
SNOW,SNOW,0.0,0.0,0.0,0.0,-584.150999,46.0,199.37,9171.02,COMMON,0.0,0.0,0.0,0.0,0.0,0.0,-584.150999,SNOW / SNOW
SOLT,SOEZ,0.0,0.0,0.0,0.0,805.110635,-426.0,5.38,-2291.88,ETF,0.0,0.0,0.0,0.0,0.0,0.0,805.110635,SOEZ / SOLT
SOEZ,SOEZ,0.0,0.0,0.0,0.0,-780.152863,251.0,20.06,5035.06,ETF,0.0,0.0,0.0,0.0,0.0,0.0,-780.152863,SOEZ / SOEZ
SPY,SPY,0.0,0.0,0.0,0.0,115.223639,24.0,694.04,16656.96,ETF,0.0,0.0,0.0,0.0,0.0,0.0,115.223639,SPY / SPY
XYLD,SPY,0.0,0.0,0.0,0.0,-7.538141,-102.0,40.78,-4159.56,ETF,0.0,0.0,0.0,0.0,0.0,0.0,-7.538141,SPY / XYLD
SPYI,SPY,0.0,0.0,0.0,0.0,-13.323343,-79.0,52.82,-4172.78,ETF,0.0,0.0,0.0,0.0,0.0,0.0,-13.323343,SPY / SPYI
XYLG,SPY,0.0,0.0,0.0,0.0,-19.699327,-150.0,27.77,-4165.5,ETF,0.0,0.0,0.0,0.0,0.0,0.0,-19.699327,SPY / XYLG
JEPI,SPY,0.0,0.0,0.0,0.0,-30.055862,-71.0,58.55,-4157.05,ETF,0.0,0.0,0.0,0.0,0.0,0.0,-30.055862,SPY / JEPI
TEMT,TEM,0.0,0.0,0.0,0.0,178.918522,-201.0,12.78,-2568.78,ETF,0.0,0.0,0.0,0.0,0.0,0.0,178.918522,TEM / TEMT
TEM,TEM,0.0,0.0,0.0,0.0,-163.853628,84.0,63.51,5334.84,COMMON,0.0,0.0,0.0,0.0,0.0,0.0,-163.853628,TEM / TEM
TER,TER,0.0,0.0,0.0,0.0,561.334686,24.0,251.87,6044.88,COMMON,0.0,0.0,0.0,0.0,0.0,0.0,561.334686,TER / TER
TERG,TER,0.0,0.0,0.0,0.0,-569.322774,-108.0,30.713,-3317.0,ETF,0.0,0.0,0.0,0.0,0.0,0.0,-569.322774,TER / TERG
TSLW,TSLA,0.0,0.0,0.0,0.0,349.47493,-129.0,29.245,-3772.61,ETF,0.0,0.0,0.0,0.0,0.0,0.0,349.47493,TSLA / TSLW
TSLL,TSLA,0.0,0.0,0.0,0.0,342.45822,-149.0,16.06,-2392.94,ETF,0.0,0.0,0.0,0.0,0.0,0.0,342.45822,TSLA / TSLL
TSLR,TSLA,0.0,0.0,0.0,0.0,332.798268,-89.0,26.94,-2397.66,ETF,0.0,0.0,0.0,0.0,0.0,0.0,332.798268,TSLA / TSLR
TSLI,TSLA,0.0,0.0,0.0,0.0,331.986198,-80.0,29.96,-2396.8,ETF,0.0,0.0,0.0,0.0,0.0,0.0,331.986198,TSLA / TSLI
TSLY,TSLA,0.0,0.0,0.0,0.0,251.450731,-113.0,34.18,-3862.34,ETF,0.0,0.0,0.0,0.0,0.0,0.0,251.450731,TSLA / TSLY
TSLA,TSLA,0.0,0.0,0.0,0.0,-1749.398891,56.0,416.56,23327.36,COMMON,0.0,0.0,0.0,0.0,0.0,0.0,-1749.398891,TSLA / TSLA
TSM,TSM,0.0,0.0,0.0,0.0,264.860658,29.0,339.55,9846.95,ADR,0.0,0.0,0.0,0.0,0.0,0.0,264.860658,TSM / TSM
TSMY,TSM,0.0,0.0,0.0,0.0,-39.471686,-257.0,16.27,-4181.39,ETF,0.0,0.0,0.0,0.0,0.0,0.0,-39.471686,TSM / TSMY
TSMU,TSM,0.0,0.0,0.0,0.0,-134.872549,-53.0,53.7,-2846.1,ETF,0.0,0.0,0.0,0.0,0.0,0.0,-134.872549,TSM / TSMU
UBRL,UBER,0.0,0.0,0.0,0.0,63.618946,-132.0,21.06,-2779.92,ETF,0.0,0.0,0.0,0.0,0.0,0.0,63.618946,UBER / UBRL
UBER,UBER,0.0,0.0,0.0,0.0,-69.872114,68.0,81.7,5555.6,COMMON,0.0,0.0,0.0,0.0,0.0,0.0,-69.872114,UBER / UBER
UNHG,UNH,0.0,0.0,0.0,0.0,908.872001,-144.0,12.15,-1749.6,ETF,0.0,0.0,0.0,0.0,0.0,0.0,908.872001,UNH / UNHG
UNH,UNH,0.0,0.0,0.0,0.0,-913.271728,16.0,292.29,4676.64,COMMON,0.0,0.0,0.0,0.0,0.0,0.0,-913.271728,UNH / UNH
UPSX,UPST,0.0,0.0,0.0,0.0,94.060534,-9.0,42.52,-382.68,ETF,0.0,0.0,0.0,0.0,0.0,0.0,94.060534,UPST / UPSX
UPST,UPST,0.0,0.0,0.0,0.0,-72.373927,20.0,41.53,830.6,COMMON,0.0,0.0,0.0,0.0,0.0,0.0,-72.373927,UPST / UPST
VRT,VRT,0.0,0.0,0.0,0.0,553.853486,30.0,195.1,5853.0,COMMON,0.0,0.0,0.0,0.0,0.0,0.0,553.853486,VRT / VRT
VRTL,VRT,0.0,0.0,0.0,0.0,-558.649789,-45.0,69.9478,-3147.65,ETF,0.0,0.0,0.0,0.0,0.0,0.0,-558.649789,VRT / VRTL
XOM,XOM,0.0,0.0,0.0,0.0,315.177972,37.0,140.51,5198.87,COMMON,0.0,0.0,0.0,0.0,0.0,0.0,315.177972,XOM / XOM
XOMX,XOM,0.0,0.0,0.0,0.0,-123.109049,-12.0,39.1008,-469.21,ETF,0.0,0.0,0.0,0.0,0.0,0.0,-123.109049,XOM / XOMX
XOMO,XOM,0.0,0.0,0.0,0.0,-174.859143,-332.0,12.85,-4266.2,ETF,0.0,0.0,0.0,0.0,0.0,0.0,-174.859143,XOM / XOMO
UXRP,XRP,0.0,0.0,0.0,0.0,364.329109,-292.0,8.23,-2403.16,ETF,0.0,0.0,0.0,0.0,0.0,0.0,364.329109,XRP / UXRP
XRP,XRP,0.0,0.0,0.0,0.0,-356.896561,257.0,20.17,5183.69,ETF,0.0,0.0,0.0,0.0,0.0,0.0,-356.896561,XRP / XRP
XYZY,XYZ,0.0,0.0,0.0,0.0,328.256032,-125.0,30.79,-3848.75,ETF,0.0,0.0,0.0,0.0,0.0,0.0,328.256032,XYZ / XYZY
XYZ,XYZ,0.0,0.0,0.0,0.0,-267.327428,62.0,62.21,3857.02,COMMON,0.0,0.0,0.0,0.0,0.0,0.0,-267.327428,XYZ / XYZ
