ETF,Underlying,Beta,Beta_n_obs,Beta_source,borrow_fee_annual,borrow_rebate_annual,borrow_net_annual,shares_available,borrow_current,borrow_spiking,borrow_missing_from_ftp,protected,cagr_positive,borrow_leq_low,borrow_gt_low,protected_ok,protected_bad,include_for_algo,purgatory,exclude_borrow_gt_low,exclude_no_shares,exclude_borrow_spike,vol_underlying_annual,vol_etf_annual,gross_decay_annual,borrow_drag_annual,net_decay_annual
AAPU,AAPL,1.783065402182492,886.0,ols,0.054634999999999996,-0.018234999999999998,0.07286999999999999,85000,0.07286999999999999,False,False,False,,True,False,False,False,True,False,False,False,False,0.28435,0.560887,0.034877,0.040867822296818894,-0.005990822296818896
AMUU,AMD,2.0072015021155343,221.0,ols,0.020720000000000002,0.01568,0.005040000000000003,35000,0.005040000000000003,False,False,False,,True,False,False,False,True,False,False,False,False,0.559942,1.310908,0.120527,0.0025109586629384166,0.11801604133706158
AMZU,AMZN,1.731190977875288,865.0,ols,0.046325000000000005,-0.009925,0.05625000000000001,350000,0.05625000000000001,False,False,False,,True,False,False,False,True,False,False,False,False,0.315663,0.624319,0.086592,0.03249208245588036,0.05409991754411964
AVL,AVGO,1.9871075182630475,340.0,ols,0.043764000000000004,-0.007364000000000001,0.05112800000000001,150000,0.05112800000000001,False,False,False,,True,False,False,False,True,False,False,False,False,0.539255,1.094275,0.111167,0.025729860880749703,0.0854371391192503
BITX,IBIT,2.0004301701077294,528.0,ols,0.053981,-0.017581,0.071562,750000,0.071562,False,False,False,,True,False,False,False,True,False,False,False,False,0.515055,1.031304,0.224536,0.035773305696617325,0.1887626943033827
BOEU,BA,1.9887458125450348,208.0,ols,0.040956,-0.004556,0.045512,50000,0.045512,False,False,False,,True,False,False,False,True,False,False,False,False,0.347758,0.573466,0.105172,0.02288477477257762,0.08228722522742238
BRKU,BRK-B,1.951108770041219,297.0,ols,0.057683,-0.021283,0.078966,60000,0.078966,False,False,False,,True,False,False,False,True,False,False,False,False,0.168256,0.353467,0.107342,0.04047237202379638,0.06686962797620363
BULU,BULL,1.977242088223734,140.0,ols,0.191239,-0.154839,0.346078,700,0.346078,False,False,False,,False,True,False,False,False,False,True,True,False,2.73415,1.168414,0.379721,0.17503066623010288,0.2046903337698971
CSCL,CSCO,2.027382365217186,165.0,ols,0.043,-0.0066,0.0496,15000,0.0496,False,False,False,,True,False,False,False,True,False,False,False,False,0.232632,0.535703,0.122311,0.024465044606761455,0.09784595539323855
ELIL,LLY,1.993259699594334,226.0,ols,0.07668599999999999,-0.040286,0.11697199999999999,10000,0.11697199999999999,False,False,False,,False,True,False,False,False,True,True,False,False,0.369899,0.861569,0.112443,0.05868377312991679,0.053759226870083214
ETHU,ETHA,2.000293354032077,396.0,ols,0.024148,0.012252,0.011895999999999999,500000,0.011895999999999999,False,False,False,,True,False,False,False,True,False,False,False,False,0.75107,1.475802,0.216487,0.0059471276930559815,0.21053987230694404
FRDU,F,1.98043753125263,146.0,ols,,,,0,,False,True,False,,False,True,False,False,False,False,True,True,False,0.341458,0.59827,0.108071,,
GGLL,GOOGL,1.7507870302379205,866.0,ols,0.038668,-0.002268,0.040936,800000,0.040936,False,False,False,,True,False,False,False,True,False,False,False,False,0.299836,0.591452,0.017912,0.02338148460834615,-0.005469484608346148
GMEU,GME,1.966302458593594,207.0,ols,0.211534,-0.175134,0.386668,15000,0.386668,False,False,False,,False,True,False,False,False,False,True,False,False,1.127072,0.926866,0.399156,0.19664726467186838,0.20250873532813163
LMTL,LMT,1.9692997160366816,136.0,ols,0.08703,-0.050629999999999994,0.13766,1000,0.13766,False,False,False,,False,True,False,False,False,False,True,False,False,0.23632,0.468058,0.086253,0.06990302130193159,0.01634997869806841
METU,META,1.9986661843922957,427.0,ols,0.0684,-0.032,0.1004,1000000,0.1004,False,False,False,,False,True,False,False,False,True,True,False,False,0.35353,0.712179,0.114585,0.05023350111390769,0.06435149888609232
MUU,MU,1.995220447947085,340.0,ols,0.019763,0.016637,0.0031260000000000003,200000,0.0031260000000000003,False,False,False,,True,False,False,False,True,False,False,False,False,0.601977,1.257283,0.110924,0.0015667441676514456,0.10935725583234855
MSFU,MSFT,1.7237153487808938,866.0,ols,0.042702,-0.0063019999999999994,0.049004,1200000,0.049004,False,False,False,,True,False,False,False,True,False,False,False,False,0.238868,0.471853,0.105292,0.02842928795329131,0.07686271204670869
MSTX,MSTR,1.9510389919248907,378.0,ols,0.277398,-0.240998,0.518396,100000,0.518396,False,False,False,,False,True,False,False,False,False,True,False,False,0.958641,1.718195,0.502722,0.265702531905091,0.23701946809490898
NVDU,NVDA,1.902527443449573,610.0,ols,0.052548000000000004,-0.016148,0.06869600000000001,80000,0.06869600000000001,False,False,False,,True,False,False,False,True,False,False,False,False,0.509005,0.992334,0.132057,0.03610775772855274,0.09594924227144727
NFXL,NFLX,1.9950594414935323,344.0,ols,0.042428999999999994,-0.006029,0.048457999999999994,35000,0.048457999999999994,False,False,False,,True,False,False,False,True,False,False,False,False,0.311674,0.661214,0.11224,0.024289000614299283,0.08795099938570072
PLTU,PLTR,1.9918079073229435,297.0,ols,0.04852,-0.012119999999999999,0.06064,250000,0.06064,False,False,False,,True,False,False,False,True,False,False,False,False,0.627655,1.311227,0.11596,0.03044470291389805,0.08551529708610195
PALU,PANW,2.006043887072228,225.0,ols,0.08355800000000001,-0.047158,0.130716,150000,0.130716,False,False,False,,False,True,False,False,False,False,True,False,False,0.346529,0.724483,0.110995,0.0651610868747128,0.0458339131252872
QCMU,QCOM,2.002676062945962,165.0,ols,0.026396000000000003,0.010003999999999999,0.016392000000000004,10000,0.016392000000000004,False,False,False,,True,False,False,False,True,False,False,False,False,0.38639,0.670825,0.126223,0.008185048147970154,0.11803795185202985
SHPU,SHOP,2.010744976572249,136.0,ols,0.13782,-0.10142,0.23924,35000,0.23924,False,False,False,,False,True,False,False,False,False,True,False,False,0.567693,1.002543,0.108867,0.11898077716838884,-0.010113777168388835
TSMX,TSM,1.9939655247237231,345.0,ols,0.364773,-0.32837299999999997,0.693146,600000,0.693146,False,False,False,,False,True,False,False,False,False,True,False,False,0.405684,0.802112,0.120404,0.3476218577530521,-0.2272178577530521
TSLL,TSLA,1.799396050556986,886.0,ols,0.043128,-0.006728,0.049856,150000,0.049856,False,False,False,,True,False,False,False,True,False,False,False,False,0.628881,1.246542,-0.010014,0.027707074262260132,-0.03772107426226013
XOMX,XOM,1.9634008905816824,208.0,ols,0.042518,-0.006118,0.048636,10000,0.048636,False,False,False,,True,False,False,False,True,False,False,False,False,0.222535,0.427575,0.091547,0.02477130382964783,0.06677569617035217
XXRP,XRPZ,2.0276521345572758,59.0,ols,0.030926,0.005474,0.025452,100000,0.025452,False,False,False,,True,False,False,False,True,False,False,False,False,,1.586038,,0.012552448995674138,
MSTU,MSTR,1.9652168694757772,356.0,ols,0.269776,-0.23337599999999997,0.503152,100000,0.503152,False,False,False,,False,True,False,False,False,False,True,False,False,0.958641,1.741741,0.406153,0.256028740550256,0.150124259449744
NVDX,NVDA,1.9934420315095065,584.0,ols,0.137078,-0.100678,0.23775600000000002,70000,0.23775600000000002,False,False,False,,False,True,False,False,False,False,True,False,False,0.509005,1.01528,0.163381,0.11926908143898349,0.04411191856101651
TSLT,TSLA,1.9920382527718223,585.0,ols,0.079127,-0.042727,0.121854,150000,0.121854,False,False,False,,False,True,False,False,False,False,True,False,False,0.628881,1.25348,0.162491,0.061170512077489574,0.10132048792251042
BTCL,IBIT,2.006233082909189,405.0,ols,0.042877,-0.006477,0.049353999999999995,30000,0.049353999999999995,False,False,False,,True,False,False,False,True,False,False,False,False,0.515055,1.002042,0.183428,0.024600332045383772,0.15882766795461623
ETU,ETHA,1.9900088165814624,330.0,ols,0.052954999999999995,-0.016555,0.06950999999999999,30000,0.06950999999999999,False,False,False,,True,False,False,False,True,False,False,False,False,0.75107,1.523718,0.174652,0.034929493488077994,0.139722506511922
CCUP,CRCL,1.970988583684934,133.0,ols,0.149748,-0.11334799999999999,0.263096,75000,0.263096,False,False,False,,False,True,False,False,False,False,True,False,False,1.143857,1.657151,0.221477,0.13348428406831217,0.08799271593168784
CRWU,CRWV,1.9886130025476585,143.0,ols,0.143337,-0.106937,0.250274,8000,0.250274,False,False,False,,False,True,False,False,False,False,True,False,False,1.214366,1.969464,0.150531,0.12585354700958312,0.024677452990416876
AAPX,AAPL,1.9918376242111184,528.0,ols,0.11686400000000001,-0.08046400000000001,0.197328,3000,0.197328,False,False,False,,False,True,False,False,False,False,True,False,False,0.28435,0.568123,0.119309,0.0990683164136701,0.020240683586329897
GOOX,GOOGL,1.978744972596268,528.0,ols,0.052461,-0.016061000000000002,0.068522,30000,0.068522,False,False,False,,True,False,False,False,True,False,False,False,False,0.299836,0.597138,0.113441,0.03462902038866271,0.07881197961133729
MSFX,MSFT,2.0043027887553784,528.0,ols,0.060523,-0.024123000000000002,0.084646,10000,0.084646,False,False,False,,False,True,False,False,False,True,True,False,False,0.238868,0.480941,0.130679,0.0422321420071281,0.08844685799287189
NFLU,NFLX,1.9871491312379947,348.0,ols,0.06628,-0.02988,0.09616000000000001,45000,0.09616000000000001,False,False,False,,False,True,False,False,False,True,True,False,False,0.311674,0.656341,0.120213,0.04839093276310484,0.07182206723689516
ROBN,HOOD,2.010775155076193,264.0,ols,0.09806,-0.061660000000000006,0.15972,700000,0.15972,False,False,False,,False,True,False,False,False,False,True,False,False,0.702848,1.548225,0.17494,0.07943205365193994,0.09550794634806008
ARMU,ARM,1.997890284795887,243.0,ols,0.254572,-0.218172,0.47274400000000005,5000,0.47274400000000005,False,False,False,,False,True,False,False,False,False,True,False,False,0.632733,1.144596,0.128535,0.23662160209578154,-0.10808660209578153
DJTU,DJT,2.0047906827614894,243.0,ols,0.231889,-0.195489,0.42737800000000004,150000,0.42737800000000004,False,False,False,,False,True,False,False,False,False,True,False,False,1.056831,1.495552,0.372395,0.21317836504073842,0.15921663495926155
RBLU,RBLX,2.025041099715549,243.0,ols,0.06886300000000001,-0.032463,0.101326,95000,0.101326,False,False,False,,False,True,False,False,False,True,True,False,False,0.517304,1.124968,0.166559,0.05003651531528567,0.11652248468471435
SNOU,SNOW,2.008826167560251,207.0,ols,0.045911999999999994,-0.009512,0.055423999999999994,20000,0.055423999999999994,False,False,False,,True,False,False,False,True,False,False,False,False,0.529859,0.975402,0.115358,0.027590241950757374,0.08776775804924263
SMUP,SMR,2.0686672872763547,143.0,ols,0.16645900000000002,-0.130059,0.29651800000000006,9400000,0.29651800000000006,False,False,False,,False,True,False,False,False,False,True,False,False,1.245686,2.438509,1.436351,0.1433376946712398,1.2930133053287602
DKUP,DKNG,1.982039602304461,140.0,ols,,,,0,,False,True,False,,False,True,False,False,False,False,True,True,False,0.476263,0.989173,0.170501,,
GLXU,GLXY,2.014086826310592,133.0,ols,0.097395,-0.060995,0.15839,90000,0.15839,False,False,False,,False,True,False,False,False,False,True,False,False,0.883658,1.819486,0.196195,0.07864109825401076,0.11755390174598924
AFRU,AFRM,1.963946675736739,108.0,ols,0.138258,-0.101858,0.240116,450000,0.240116,False,False,False,,False,True,False,False,False,False,True,False,False,0.758015,1.20689,0.257052,0.12226197532065113,0.13479002467934886
AXUP,AXON,1.980422820074136,108.0,ols,0.11092700000000001,-0.074527,0.185454,4000,0.185454,False,False,False,,False,True,False,False,False,False,True,False,False,0.510312,0.950759,0.175897,0.09364363918663471,0.08225336081336529
KTUP,KTOS,2.023231294740788,108.0,ols,0.121643,-0.085243,0.20688600000000001,500,0.20688600000000001,False,False,False,,False,True,False,False,False,False,True,True,False,0.541634,1.563904,0.225844,0.10225523919968121,0.12358876080031878
TTDU,TTD,1.9899167776320843,107.0,ols,0.170041,-0.133641,0.303682,1000,0.303682,False,False,False,,False,True,False,False,False,False,True,False,False,0.599787,0.843157,0.244154,0.15261040231107986,0.09154359768892015
BKNU,BKNG,2.0288226188640373,107.0,ols,0.112223,-0.075823,0.188046,6000,0.188046,False,False,False,,False,True,False,False,False,False,True,False,False,0.289363,0.667404,0.176538,0.09268725528370207,0.08385074471629793
PXIU,UPXI,1.9402739571627203,107.0,ols,0.269903,-0.23350300000000002,0.503406,150000,0.503406,False,False,False,,False,True,False,False,False,False,True,False,False,2.983795,2.179759,0.619352,0.2594509904859698,0.3599010095140302
BMNU,BMNR,1.9424833891505464,100.0,ols,0.224803,-0.188403,0.41320599999999996,3900000,0.41320599999999996,False,False,False,,False,True,False,False,False,False,True,False,False,8.524727,2.124306,0.693291,0.21272048054974418,0.4805705194502558
SBTU,SBET,2.01924920967078,83.0,ols,0.33711199999999997,-0.30071200000000003,0.637824,35000,0.637824,False,False,False,,False,True,False,False,False,False,True,False,False,3.657636,1.717079,0.128743,0.3158718581863361,-0.18712885818633612
CIFU,CIFR,1.9827982682820764,60.0,ols,0.237759,-0.20135899999999998,0.439118,15000,0.439118,False,False,False,,False,True,False,False,False,False,True,False,False,1.141018,2.186043,0.351075,0.22146378026669242,0.1296112197333076
SOLX,GSOL,1.965197402283181,53.0,ols,,,,0,,False,True,False,,False,True,False,False,False,False,True,True,False,1.251196,,,,
XRPK,XRPZ,1.966577388971748,53.0,ols,,,,0,,False,True,False,,False,True,False,False,False,False,True,True,False,,,,,
XRPT,XRPZ,2.025655564983508,59.0,ols,0.092827,-0.056427,0.149254,700000,0.149254,False,False,False,,False,True,False,False,False,False,True,False,False,,1.648862,,0.07368182556801811,
APLX,APLD,1.994979320428504,112.0,ols,0.108922,-0.072522,0.181444,20000,0.181444,False,False,False,,False,True,False,False,False,False,True,False,False,1.320869,2.262036,0.259581,0.09095031619727637,0.16863068380272364
APPX,APP,1.983596782058542,206.0,ols,0.064731,-0.028331,0.09306199999999999,350000,0.09306199999999999,False,False,False,,False,True,False,False,False,True,True,False,False,0.807866,1.409878,0.115099,0.04691578492248907,0.06818321507751093
ARCX,ACHR,1.991225432418439,175.0,ols,0.130243,-0.093843,0.224086,10000,0.224086,False,False,False,,False,True,False,False,False,False,True,False,False,0.869514,1.486791,0.200796,0.11253673057391438,0.08825926942608563
ASTX,ASTS,1.9912456423176863,154.0,ols,0.097431,-0.061031,0.158462,200000,0.158462,False,False,False,,False,True,False,False,False,False,True,False,False,1.286427,2.08274,0.161403,0.07957933297248052,0.08182366702751948
AURU,AUR,1.8868553102296548,91.0,ols,,,,0,,False,True,False,,False,True,False,False,False,False,True,True,False,0.912079,1.232926,1.187587,,
BEX,BE,1.9879515150309224,66.0,ols,0.168352,-0.13195199999999999,0.300304,95000,0.300304,False,False,False,,False,True,False,False,False,False,True,False,False,0.969596,2.134344,0.108571,0.15106203432498141,-0.042491034324981414
BLSX,BLSH,2.054290272258879,81.0,ols,0.060723,-0.024323,0.085046,5000,0.085046,False,False,False,,False,True,False,False,False,True,True,False,False,0.83565,1.496154,-0.006602,0.04139921273466587,-0.04800121273466587
CEGX,CEG,1.9853978034385609,154.0,ols,0.057236,-0.020836,0.078072,55000,0.078072,False,False,False,,True,False,False,False,True,False,False,False,False,0.590966,0.912651,0.098934,0.03932310183117213,0.059610898168827864
CELT,CELH,1.9630699948857773,92.0,ols,0.038018,-0.001618,0.039636000000000005,8000,0.039636000000000005,False,False,False,,True,False,False,False,True,False,False,False,False,0.630695,1.240418,0.149779,0.0201908236095811,0.1295881763904189
CLSX,CLSK,2.004680749177796,108.0,ols,0.133993,-0.097593,0.23158600000000001,9000,0.23158600000000001,False,False,False,,False,True,False,False,False,False,True,False,False,1.016715,2.190561,0.268403,0.11552263376349736,0.15288036623650264
COZX,CORZ,2.0227395864245743,72.0,ols,0.050675,-0.014275,0.06495,15000,0.06495,False,False,False,,True,False,False,False,True,False,False,False,False,0.8721,1.488182,0.334554,0.03210991688495434,0.30244408311504567
CRDU,CRDO,1.9829630219202383,108.0,ols,0.088978,-0.05257799999999999,0.141556,150000,0.141556,False,False,False,,False,True,False,False,False,False,True,False,False,0.889733,1.701291,0.156236,0.07138610172514545,0.08484989827485456
CSEX,CLS,2.0031217210342542,66.0,ols,0.07306,-0.03666,0.10972,20000,0.10972,False,False,False,,False,True,False,False,False,True,True,False,False,0.703202,1.584432,0.029704,0.05477450463836478,-0.025070504638364778
CWVX,CRWV,1.9889473092858236,154.0,ols,0.038309,-0.0019089999999999999,0.040218000000000004,100000,0.040218000000000004,False,False,False,,True,False,False,False,True,False,False,False,False,1.214366,1.942141,-0.050627,0.020220746830362832,-0.07084774683036282
DASX,DASH,2.0232325419861645,81.0,ols,0.046867,-0.010466999999999999,0.057333999999999996,1000,0.057333999999999996,False,False,False,,True,False,False,False,True,False,False,False,False,0.39928,1.070769,0.07489,0.028337820201189738,0.04655217979881026
DOGD,DDOG,2.0161349559045827,132.0,ols,0.13841799999999999,-0.102018,0.24043599999999998,15000,0.24043599999999998,False,False,False,,False,True,False,False,False,False,True,False,False,0.463059,1.173249,0.088865,0.11925590561080429,-0.030390905610804292
ENPX,ENPH,2.019632160416422,108.0,ols,0.16331099999999998,-0.126911,0.290222,4000,0.290222,False,False,False,,False,True,False,False,False,False,True,False,False,0.721722,1.701339,0.200243,0.14370042510125208,0.05654257489874792
FLYT,FLY,1.9943259437239047,81.0,ols,0.162087,-0.125687,0.287774,25000,0.287774,False,False,False,,False,True,False,False,False,False,True,False,False,1.090225,2.392992,0.224639,0.14429637287005054,0.08034262712994947
GEVX,GEV,1.9946275165501148,154.0,ols,0.051603,-0.015203,0.066806,35000,0.066806,False,False,False,,True,False,False,False,True,False,False,False,False,0.53362,1.018697,0.086728,0.033492970214081326,0.053235029785918674
IREX,IREN,1.9816968184728003,81.0,ols,0.19889500000000002,-0.162495,0.36139,30000,0.36139,False,False,False,,False,True,False,False,False,False,True,False,False,1.076262,2.273888,0.26073,0.18236391996557075,0.07836608003442927
JOBX,JOBY,1.984019531041482,113.0,ols,0.224721,-0.18832100000000002,0.413042,15000,0.413042,False,False,False,,False,True,False,False,False,False,True,False,False,0.81144,1.546632,0.285053,0.20818444251059345,0.07686855748940655
LABX,ALAB,1.9941766507900256,132.0,ols,0.039035,-0.002635,0.04167,350000,0.04167,False,False,False,,True,False,False,False,True,False,False,False,False,0.923699,1.827453,0.096228,0.020895841892187312,0.07533215810781269
LRCU,LRCX,2.0442138439604,127.0,ols,0.112494,-0.076094,0.18858799999999998,10000,0.18858799999999998,False,False,False,,False,True,False,False,False,False,True,False,False,0.482539,1.050001,0.15571,0.09225453616664445,0.06345546383335554
LYFX,LYFT,1.9585015978338172,91.0,ols,,,,0,,False,True,False,,False,True,False,False,False,False,True,True,False,0.588708,1.094957,0.538575,,
MDBX,MDB,1.9909226279354453,127.0,ols,,,,0,,False,True,False,,False,True,False,False,False,False,True,True,False,0.642546,1.497062,0.104242,,
NEBX,NBIS,2.002222499273863,113.0,ols,0.056727999999999994,-0.020328,0.07705599999999999,85000,0.07705599999999999,False,False,False,,True,False,False,False,True,False,False,False,False,1.114079,1.772854,0.222383,0.03848523329846985,0.18389776670153016
NETX,NET,1.885323742546244,91.0,ols,,,,0,,False,True,False,,False,True,False,False,False,False,True,True,False,0.496079,1.062581,0.397945,,
NNEX,NNE,2.001426387641917,66.0,ols,0.16899799999999998,-0.132598,0.301596,4000,0.301596,False,False,False,,False,True,False,False,False,False,True,False,False,1.551684,1.816217,0.172301,0.15069052844623515,0.02161047155376486
NVTX,NVTS,2.0004936324674683,113.0,ols,0.20829599999999998,-0.171896,0.380192,8000,0.380192,False,False,False,,False,True,False,False,False,False,True,False,False,1.591473,2.458015,0.318374,0.19004909279869084,0.12832490720130915
NWMX,NEM,1.221794413977188,68.0,ols,,,,0,,False,True,False,,False,True,False,False,False,False,True,True,False,0.408785,0.82231,-0.770069,,
OKTX,OKTA,1.692947187486885,80.0,ols,,,,0,,False,True,False,,False,True,False,False,False,False,True,True,False,0.453083,0.911288,1.194727,,
OPEX,OPEN,1.9860165117648323,81.0,ols,0.318714,-0.282314,0.601028,100000,0.601028,False,False,False,,False,True,False,False,False,False,True,False,False,1.2953,1.976614,0.378553,0.30262991089933533,0.07592308910066464
PONX,PONY,2.014716489595286,113.0,ols,0.20879799999999998,-0.172398,0.381196,3000,0.381196,False,False,False,,False,True,False,False,False,False,True,False,False,1.28253,1.613155,0.221047,0.1892057775715005,0.03184122242849949
QBTX,QBTS,1.994235114526784,206.0,ols,0.112936,-0.07653599999999999,0.18947199999999997,200000,0.18947199999999997,False,False,False,,False,True,False,False,False,False,True,False,False,1.425187,2.47392,0.240608,0.0950098604822532,0.1455981395177468
QSX,QS,1.697939495605615,67.0,ols,,,,0,,False,True,False,,False,True,False,False,False,False,True,True,False,0.886807,1.438607,-0.605106,,
QUBX,QUBT,1.9692932655472128,166.0,ols,0.258748,-0.222348,0.48109599999999997,30000,0.48109599999999997,False,False,False,,False,True,False,False,False,False,True,False,False,1.746769,2.038989,0.331658,0.24429880933265496,0.08735919066734504
RGTU,RGTI,1.988445540606482,166.0,ols,0.323762,-0.287362,0.611124,60000,0.611124,False,False,False,,False,True,False,False,False,False,True,False,False,1.503069,2.218014,0.204982,0.30733755967669363,-0.10235555967669363
SMU,SMR,1.9860433194051372,154.0,ols,0.16274,-0.12634,0.28908,95000,0.28908,False,False,False,,False,True,False,False,False,False,True,False,False,1.245686,2.12476,0.246054,0.14555573746829736,0.10049826253170263
SNPX,SNPS,1.9208886539030976,65.0,ols,0.138631,-0.102231,0.24086200000000002,2000,0.24086200000000002,False,False,False,,False,True,False,False,False,False,True,False,False,0.479867,0.77604,0.028358,0.12539092232680277,-0.09703292232680277
SRPU,SRPT,1.9517730476920792,81.0,ols,0.127897,-0.091497,0.219394,10000,0.219394,False,False,False,,False,True,False,False,False,False,True,False,False,0.832584,1.814219,0.266176,0.11240753644970541,0.1537684635502946
TARK,ARKK,1.975461876907944,954.0,ols,0.227572,-0.191172,0.418744,15000,0.418744,False,False,False,,False,True,False,False,False,False,True,False,False,0.400475,0.792619,0.078718,0.2119727061781782,-0.1332547061781782
TEMT,TEM,1.9851161361244685,194.0,ols,,,,0,,False,True,False,,False,True,False,False,False,False,True,True,False,1.028899,1.355315,0.165962,,
UNX,U,2.02797089735739,108.0,ols,0.151734,-0.115334,0.267068,300000,0.267068,False,False,False,,False,True,False,False,False,False,True,False,False,0.72316,1.747224,0.150965,0.1316922251438673,0.019272774856132685
UPSX,UPST,1.9879439394472864,175.0,ols,0.091545,-0.055145,0.14669,2000,0.14669,False,False,False,,False,True,False,False,False,False,True,False,False,0.893944,1.430656,0.163065,0.07378980719183893,0.08927519280816106
VOYX,VOYG,1.9729722661053049,113.0,ols,0.366505,-0.330105,0.69661,1000,0.69661,False,False,False,,False,True,False,False,False,False,True,False,False,0.892282,1.719363,0.343596,0.3530764278684591,-0.009480427868459096
WULX,WULF,1.990349358445592,81.0,ols,0.117183,-0.08078300000000001,0.197966,5000,0.197966,False,False,False,,False,True,False,False,False,False,True,False,False,1.180923,2.092896,0.235785,0.09946294059380911,0.13632205940619088
ASMU,ASML,2.085453142088297,6.0,ols_short_history,0.039966,-0.0035659999999999997,0.043532,100,0.043532,False,False,False,,True,False,False,False,True,False,False,True,False,0.432379,,,0.02087412041126402,
BABU,BABA,2.1586552137103125,5.0,ols_short_history,,,,0,,False,True,False,,False,True,False,False,False,False,True,True,False,0.438989,,,,
MRVU,MRVL,1.033219703563525,5.0,ols_short_history,,,,0,,False,True,False,,False,True,False,False,False,False,True,True,False,0.628796,,,,
SOFA,SOFI,2.0534062369720765,5.0,ols_short_history,0.034012,0.002388,0.031624,800,0.031624,False,False,False,,True,False,False,False,True,False,False,True,False,0.584085,,,0.015400751897312,
CRMU,CRML,1.9210343400307333,7.0,ols_short_history,0.079412,-0.043011999999999995,0.12242399999999999,6000,0.12242399999999999,False,False,False,,False,True,False,False,False,False,True,False,False,1.813863,,,0.06372816843973825,
UECG,UEC,1.918361262386469,7.0,ols_short_history,0.040670000000000005,-0.0042699999999999995,0.04494000000000001,600,0.04494000000000001,False,False,False,,True,False,False,False,True,False,False,True,False,0.697297,,,0.023426244514598883,
DNNG,DNN,1.7105318930378195,7.0,ols_short_history,0.097609,-0.061209,0.15881800000000001,1000,0.15881800000000001,False,False,False,,False,True,False,False,False,False,True,False,False,0.607658,,,0.09284714342153957,
RCAX,RCAT,2.055126507061618,12.0,ols_short_history,0.105728,-0.069328,0.175056,500,0.175056,False,False,False,,False,True,False,False,False,False,True,True,False,1.245407,,,0.08518015771705063,
RDWU,RDW,2.039988663324852,14.0,ols_short_history,0.121151,-0.08475099999999999,0.20590199999999997,40000,0.20590199999999997,False,False,False,,False,True,False,False,False,False,True,False,False,1.058717,,,0.10093291384492939,
OKLL,OKLO,1.9973473358001108,166.0,ols,0.181598,-0.145198,0.326796,400000,0.326796,False,False,False,,False,True,False,False,False,False,True,False,False,1.291304,2.100398,0.281739,0.16361500783692678,0.11812399216307323
LABU,XBI,2.974533211671447,2699.0,ols,0.118615,-0.08221500000000001,0.20083,55000,0.20083,False,False,False,,False,True,False,False,False,False,True,False,False,0.262745,0.786344,0.120843,0.06751647593376502,0.05332652406623499
HIBL,SPHB,2.7614053881438654,1578.0,ols,0.411014,-0.374614,0.785628,10000,0.785628,False,False,False,,False,True,False,False,False,False,True,False,False,0.262376,0.790699,0.050343,0.28450295757845095,-0.23415995757845096
GDXU,GDX,3.0407768159310846,1308.0,ols,0.03302,0.00338,0.02964,100000,0.02964,False,False,False,,True,False,False,False,True,False,False,False,False,0.374226,1.142646,0.19221,0.00974750920380332,0.18246249079619667
SOXL,SOXX,2.9676392529521327,4011.0,ols,0.011264000000000001,0.025136,0.0,3300000,0.0,False,False,False,,True,False,False,False,True,False,False,False,False,0.376585,1.1155,0.131497,0.0,0.131497
MRNX,MRNA,2.0575314567756577,11.0,ols_short_history,0.05025,-0.01385,0.0641,300,0.0641,False,False,False,,True,False,False,False,True,False,False,True,False,0.668042,,,0.031153837181401172,
ZETX,ZETA,2.0352688508775123,11.0,ols_short_history,0.124672,-0.08827199999999999,0.212944,1000,0.212944,False,False,False,,False,True,False,False,False,False,True,False,False,0.746782,,,0.10462696361131285,
LITX,LITE,1.9129524972256395,17.0,ols_short_history,0.08754400000000001,-0.051143999999999995,0.138688,100000,0.138688,False,False,False,,False,True,False,False,False,False,True,False,False,0.689513,,,0.07249944794820551,
SNXX,SNDX,2.243006504162658,17.0,ols_short_history,0.119951,-0.083551,0.20350200000000002,1000000,0.20350200000000002,False,False,False,,False,True,False,False,False,False,True,False,False,0.606041,,,0.09072733388081271,
WDCX,WDC,2.09292179416739,16.0,ols_short_history,0.108434,-0.072034,0.18046800000000002,30000,0.18046800000000002,False,False,False,,False,True,False,False,False,False,True,False,False,0.530677,,,0.08622777998821218,
LNOK,NOK,1.9516788801577172,21.0,ols_short_history,0.111592,-0.075192,0.186784,500,0.186784,False,False,False,,False,True,False,False,False,False,True,True,False,0.361187,,,0.09570426871909675,
USGG,USAR,2.0282446806959555,26.0,ols_short_history,0.266043,-0.229643,0.49568599999999996,55000,0.49568599999999996,False,False,False,,False,True,False,False,False,False,True,False,False,1.191096,,,0.24439161838694642,
ONDG,ONDS,2.0065984397750607,26.0,ols_short_history,0.202398,-0.16599799999999998,0.36839599999999995,10000,0.36839599999999995,False,False,False,,False,True,False,False,False,False,True,False,False,1.323388,,,0.18359228867002264,
PLUL,PLUG,1.9928098213110657,25.0,ols_short_history,,,,0,,False,True,False,,False,True,False,False,False,False,True,True,False,1.039406,,,,
ALBG,ALB,1.9910151732692147,26.0,ols_short_history,0.097439,-0.061039,0.158478,1000,0.158478,False,False,False,,False,True,False,False,False,False,True,False,False,0.604617,,,0.07959658074317016,
UUUG,UUUU,2.007993972366345,26.0,ols_short_history,0.084259,-0.047859,0.132118,6000,0.132118,False,False,False,,False,True,False,False,False,False,True,False,False,0.771409,,,0.06579601424017421,
HUTG,HUT,1.999862404976117,26.0,ols_short_history,0.093249,-0.056849,0.150098,9000,0.150098,False,False,False,,False,True,False,False,False,False,True,False,False,1.011805,,,0.07505416353971238,
XPEG,XPEV,1.975194404056883,24.0,ols_short_history,0.10280099999999999,-0.066401,0.169202,3000,0.169202,False,False,False,,False,True,False,False,False,False,True,False,False,0.695356,,,0.08566346667065952,
ORLG,ORLY,2.00031100465805,24.0,ols_short_history,,,,0,,False,True,False,,False,True,False,False,False,False,True,True,False,0.203237,,,,
LUNL,LUNR,2.021679469265164,26.0,ols_short_history,0.305323,-0.26892299999999997,0.574246,3000,0.574246,False,False,False,,False,True,False,False,False,False,True,False,False,1.142471,,,0.2840440380040689,
RKTL,RKT,1.935747624084424,26.0,ols_short_history,0.036699,-0.000299,0.036998,6000,0.036998,False,False,False,,True,False,False,False,True,False,False,False,False,0.560746,,,0.01911302875420004,
EOSU,EOS,4.840804374552474,25.0,ols_short_history,0.180902,-0.14450200000000002,0.325404,10000,0.325404,False,False,False,,False,True,False,False,False,False,True,False,False,0.187503,,,0.0672210597293726,
BTFL,BITF,2.016974203414022,35.0,ols,0.331971,-0.295571,0.627542,700,0.627542,False,False,False,,False,True,False,False,False,False,True,True,False,0.997352,,,0.3111304046119152,
FGRU,FIGR,1.9461488736444583,2.0,ols_short_history,,,,0,,False,True,False,,False,True,False,False,False,False,True,True,False,1.054717,,,,
APHU,APH,1.2109571637451928,2.0,ols_short_history,,,,0,,False,True,False,,False,True,False,False,False,False,True,True,False,0.356475,,,,
COPZ,COPX,2.0486832497231604,2.0,ols_short_history,,,,0,,False,True,False,,False,True,False,False,False,False,True,True,False,0.365739,,,,
LEUX,LEU,2.0,1.0,imputed_no_overlap,,,,0,,False,True,False,,False,True,False,False,False,False,True,True,False,0.936736,,,,
COHX,COHR,2.0,1.0,imputed_no_overlap,,,,0,,False,True,False,,False,True,False,False,False,False,True,True,False,0.667157,,,,
CLSZ,CLSK,2.0,1.0,imputed_no_overlap,,,,0,,False,True,False,,False,True,False,False,False,False,True,True,False,1.016715,,,,
AXPG,AXP,2.0,0.0,imputed_no_overlap,,,,0,,False,True,False,,False,True,False,False,False,False,True,True,False,0.281875,,,,
FCXG,FCX,2.0,0.0,imputed_no_overlap,,,,0,,False,True,False,,False,True,False,False,False,False,True,True,False,0.435313,,,,
KORU,EWY,2.85288737323101,3236.0,ols,0.101731,-0.065331,0.167062,10000,0.167062,False,False,False,,False,True,False,False,False,False,True,False,False,0.264975,0.780675,0.064436,0.05855891878787894,0.005877081212121056
AALG,AAL,1.983772738405828,154.0,ols,,,,0,,False,True,False,,False,True,False,False,False,False,True,True,False,0.493642,0.907764,0.126509,,
ABNG,ABNB,1.9798688236826696,64.0,ols,0.27351600000000004,-0.237116,0.510632,1000,0.510632,False,False,False,,False,True,False,False,False,False,True,False,False,0.353577,0.608829,0.125008,0.25791203633895055,-0.13290403633895054
ADBG,ADBE,1.9863504713878504,230.0,ols,0.100745,-0.064345,0.16509000000000001,200000,0.16509000000000001,False,False,False,,False,True,False,False,False,False,True,False,False,0.340402,0.593454,0.139423,0.08311222132147339,0.0563107786785266
AMDG,AMD,2.0027637208060547,269.0,ols,0.049352,-0.012951999999999998,0.062304,20000,0.062304,False,False,False,,True,False,False,False,True,False,False,False,False,0.559942,1.257984,0.121819,0.03110901168857025,0.09070998831142975
ARMG,ARM,1.9975312421333573,276.0,ols,0.16869800000000001,-0.132298,0.30099600000000004,500000,0.30099600000000004,False,False,False,,False,True,False,False,False,False,True,False,False,0.632733,1.202046,0.124599,0.15068400115661632,-0.026085001156616314
ASMG,ASML,1.981482943577027,276.0,ols,0.11645699999999999,-0.08005699999999999,0.19651399999999997,45000,0.19651399999999997,False,False,False,,False,True,False,False,False,False,True,False,False,0.432379,0.808205,0.119006,0.09917521654021788,0.01983078345978212
AVGG,AVGO,2.00101533192855,191.0,ols,0.053492,-0.017092,0.070584,350000,0.070584,False,False,False,,True,False,False,False,True,False,False,False,False,0.539255,0.855167,0.128461,0.03527409254379482,0.09318690745620517
BAIG,BBAI,2.010463782847357,125.0,ols,,,,0,,False,True,False,,False,True,False,False,False,False,True,True,False,1.247573,1.963701,0.250605,,
BEG,BE,2.00726381175549,44.0,ols,0.292346,-0.255946,0.548292,4000,0.548292,False,False,False,,False,True,False,False,False,False,True,False,False,0.969596,,,0.27315393063380194,
BIDG,BIDU,2.010162253653125,42.0,ols,0.119151,-0.082751,0.20190200000000003,4000,0.20190200000000003,False,False,False,,False,True,False,False,False,False,True,False,False,0.452667,,,0.10044064832730681,
BLSG,BLSH,2.0228978030698026,79.0,ols,0.356774,-0.320374,0.677148,1,0.677148,False,False,False,,False,True,False,False,False,False,True,True,False,0.83565,1.448636,0.136172,0.3347415766493045,-0.1985695766493045
BMNG,BMNR,1.995372193491739,79.0,ols,0.106539,-0.07013899999999999,0.176678,1200000,0.176678,False,False,False,,False,True,False,False,False,False,True,False,False,8.524727,2.242817,0.344569,0.0885438819766391,0.2560251180233609
BOEG,BA,1.995095134514584,172.0,ols,0.044009,-0.007609,0.051618,30000,0.051618,False,False,False,,True,False,False,False,True,False,False,False,False,0.347758,0.587885,0.090904,0.025872450444604435,0.06503154955539556
BULG,BULL,1.985425542466141,133.0,ols,0.086821,-0.050420999999999994,0.13724199999999998,30000,0.13724199999999998,False,False,False,,False,True,False,False,False,False,True,False,False,2.73415,1.157223,0.293256,0.06912472770423243,0.22413127229576757
CIFG,CIFR,1.9911448427748832,47.0,ols,0.16049499999999997,-0.124095,0.28458999999999995,600,0.28458999999999995,False,False,False,,False,True,False,False,False,False,True,True,False,1.141018,,,0.14292782417746763,
CMGG,CMG,1.956733277714466,64.0,ols,0.104375,-0.06797500000000001,0.17235,100,0.17235,False,False,False,,False,True,False,False,False,False,True,True,False,0.350752,0.657305,0.086616,0.08808047676345082,-0.0014644767634508227
CNCG,CNC,2.008090920780202,42.0,ols,,,,0,,False,True,False,,False,True,False,False,False,False,True,True,False,0.47856,,,,
COIG,COIN,1.994097970402978,234.0,ols,,,,0,,False,True,False,,False,True,False,False,False,False,True,True,False,0.800236,1.469305,0.185045,,
COTG,COST,1.973985610526944,106.0,ols,0.051426999999999994,-0.015026999999999999,0.06645399999999999,30000,0.06645399999999999,False,False,False,,True,False,False,False,True,False,False,False,False,0.208799,0.399645,0.129066,0.033664885724400226,0.09540111427559976
CRCG,CRCL,1.976089563309758,133.0,ols,0.08604300000000001,-0.049643,0.135686,1700000,0.135686,False,False,False,,False,True,False,False,False,False,True,False,False,1.143857,1.660671,0.23507,0.06866389181912338,0.16640610818087662
CRMG,CRM,1.9839491968715688,220.0,ols,0.028839999999999998,0.00756,0.021279999999999997,15000,0.021279999999999997,False,False,False,,True,False,False,False,True,False,False,False,False,0.35355,0.670004,0.137486,0.01072608110810287,0.12675991889189714
CRWG,CRWV,1.99611788631367,133.0,ols,0.119259,-0.082859,0.20211800000000002,3300000,0.20211800000000002,False,False,False,,False,True,False,False,False,False,True,False,False,1.214366,1.96154,0.152546,0.10125554276419084,0.05129045723580915
DUOG,DUOL,2.0204662832144384,47.0,ols,0.17609100000000003,-0.13969099999999998,0.315782,20000,0.315782,False,False,False,,False,True,False,False,False,False,True,False,False,0.625128,,,0.1562916454599827,
FIGG,FIG,1.986970492077477,88.0,ols,0.198321,-0.161921,0.360242,30000,0.360242,False,False,False,,False,True,False,False,False,False,True,False,False,0.881676,1.222972,0.211112,0.18130213882710913,0.02980986117289086
FUTG,FUTU,2.0022207450316203,88.0,ols,0.17186,-0.13546,0.30732000000000004,15000,0.30732000000000004,False,False,False,,False,True,False,False,False,False,True,False,False,0.629749,0.931805,0.15172,0.153489569400674,-0.0017695694006739926
GEMG,GEMI,1.9997087163097835,72.0,ols,0.36093000000000003,-0.32453000000000004,0.6854600000000001,20000,0.6854600000000001,False,False,False,,False,True,False,False,False,False,True,False,False,1.030075,2.290743,0.226296,0.3427799231004664,-0.1164839231004664
GEVG,GEV,1.9321153576497423,44.0,ols,0.230216,-0.193816,0.42403199999999996,4000,0.42403199999999996,False,False,False,,False,True,False,False,False,False,True,False,False,0.53362,,,0.2194651568402208,
GLGG,GLXY,2.000422007124464,124.0,ols,0.29110600000000003,-0.254706,0.545812,25000,0.545812,False,False,False,,False,True,False,False,False,False,True,False,False,0.883658,1.824818,0.210481,0.2728484280097405,-0.062367428009740516
GRAG,GRAB,1.9903433985932464,47.0,ols,0.16083999999999998,-0.12444000000000001,0.28528,800,0.28528,False,False,False,,False,True,False,False,False,False,True,True,False,0.441952,,,0.14333205023898532,
HOOG,HOOD,2.0071270711978744,230.0,ols,0.130512,-0.09411199999999999,0.224624,100000,0.224624,False,False,False,,False,True,False,False,False,False,True,False,False,0.702848,1.457239,0.167412,0.11191319335150117,0.055498806648498836
IREG,IREN,1.9704025651043868,44.0,ols,0.061186,-0.024786000000000002,0.08597199999999999,6000,0.08597199999999999,False,False,False,,False,True,False,False,False,True,True,False,False,1.076262,,,0.043631693097925604,
KLAG,KLAC,2.020161099485877,42.0,ols,0.047544,-0.011144000000000001,0.058688000000000004,6000,0.058688000000000004,False,False,False,,True,False,False,False,True,False,False,False,False,0.457155,,,0.02905114845293074,
LACG,LAC,2.020247799568305,47.0,ols,0.142262,-0.105862,0.248124,5000,0.248124,False,False,False,,False,True,False,False,False,False,True,False,False,1.08227,,,0.12281859683402215,
LULG,LULU,1.9905993867978176,72.0,ols,0.427772,-0.391372,0.819144,30000,0.819144,False,False,False,,False,True,False,False,False,False,True,False,False,0.456439,0.833043,0.19473,0.4115062053333182,-0.21677620533331823
MPG,MP,1.9838421715935035,79.0,ols,0.19830899999999999,-0.161909,0.360218,25000,0.360218,False,False,False,,False,True,False,False,False,False,True,False,False,0.808045,1.518452,0.123109,0.18157593641164413,-0.05846693641164413
NBIG,NBIS,2.013308447621017,79.0,ols,0.08544600000000001,-0.049046000000000006,0.134492,300000,0.134492,False,False,False,,False,True,False,False,False,False,True,False,False,1.114079,1.861598,0.139185,0.0668014879483169,0.0723835120516831
NEMG,NEM,2.0019358935027616,63.0,ols,,,,0,,False,True,False,,False,True,False,False,False,False,True,True,False,0.408785,1.036071,0.081506,,
NETG,NET,2.004941755966017,64.0,ols,0.23142600000000002,-0.195026,0.42645200000000005,200000,0.42645200000000005,False,False,False,,False,True,False,False,False,False,True,False,False,0.496079,1.103955,0.164603,0.21270044315802472,-0.04809744315802472
NIOG,NIO,2.0119255344113207,41.0,ols,0.257001,-0.220601,0.47760199999999997,4000,0.47760199999999997,False,False,False,,False,True,False,False,False,False,True,False,False,0.658328,,,0.23738552537420027,
NUG,NU,1.983090204577796,64.0,ols,0.057918000000000004,-0.021518000000000002,0.079436,400,0.079436,False,False,False,,True,False,False,False,True,False,False,True,False,0.422173,0.705774,0.125781,0.04005667509053735,0.08572432490946266
NVDG,NVDA,1.9683125154038632,294.0,ols,0.043162000000000006,-0.006762000000000001,0.04992400000000001,100000,0.04992400000000001,False,False,False,,True,False,False,False,True,False,False,False,False,0.509005,0.936961,0.124374,0.02536385843675667,0.09901014156324334
OKTG,OKTA,2.002916454370204,64.0,ols,0.087269,-0.050869,0.13813799999999998,200,0.13813799999999998,False,False,False,,False,True,False,False,False,False,True,True,False,0.453083,0.847173,0.168034,0.06896842836284753,0.09906557163715246
OPEG,OPEN,1.9966982632874328,47.0,ols,0.070285,-0.033885,0.10417,3000,0.10417,False,False,False,,False,True,False,False,False,True,True,False,False,1.2953,,,0.05217112766377175,
OSCG,OSCR,1.982928789355089,71.0,ols,0.219282,-0.182882,0.40216399999999997,35000,0.40216399999999997,False,False,False,,False,True,False,False,False,False,True,False,False,0.749296,1.558073,0.200467,0.20281313285627184,-0.002346132856271832
PANG,PANW,1.996534884885102,229.0,ols,0.054721,-0.018321,0.073042,15000,0.073042,False,False,False,,True,False,False,False,True,False,False,False,False,0.346529,0.730547,0.132075,0.03658438455194008,0.09549061544805992
PBRG,PBR,1.8872199979461928,42.0,ols,,,,0,,False,True,False,,False,True,False,False,False,False,True,True,False,0.308239,,,,
PLTG,PLTR,1.9943342020086836,206.0,ols,0.218163,-0.181763,0.399926,55000,0.399926,False,False,False,,False,True,False,False,False,False,True,False,False,0.627655,1.048595,0.13728,0.2005310843073325,-0.06325108430733248
PYPG,PYPL,1.9937754186469427,220.0,ols,0.132605,-0.096205,0.22881,300000,0.22881,False,False,False,,False,True,False,False,False,False,True,False,False,0.370151,0.806229,0.133862,0.1147621732417986,0.019099826758201405
RTXG,RTX,1.996331870799053,177.0,ols,0.127378,-0.09097799999999999,0.218356,300,0.218356,False,False,False,,False,True,False,False,False,False,True,True,False,0.233101,0.45536,0.100897,0.10937860743194,-0.00848160743194
SATG,SATS,2.01888189862416,44.0,ols,0.128799,-0.09239900000000001,0.221198,15000,0.221198,False,False,False,,False,True,False,False,False,False,True,False,False,0.893242,,,0.10956460610734257,
SBU,SBUX,1.9930242602662416,63.0,ols,0.129976,-0.09357599999999999,0.223552,700,0.223552,False,False,False,,False,True,False,False,False,False,True,True,False,0.362842,0.582619,0.239417,0.11216722468302338,0.12724977531697662
SNAG,SNAP,1.9992015703858363,42.0,ols,0.140709,-0.104309,0.245018,6000,0.245018,False,False,False,,False,True,False,False,False,False,True,False,False,0.60129,,,0.12255792693915939,
SPOG,SPOT,1.9844677665128645,64.0,ols,0.14671900000000002,-0.110319,0.257038,15000,0.257038,False,False,False,,False,True,False,False,False,False,True,False,False,0.429999,1.014577,0.143971,0.12952490553760462,0.014446094462395365
TERG,TER,1.998271197616708,64.0,ols,0.060038,-0.023638,0.083676,7000,0.083676,False,False,False,,False,True,False,False,False,True,True,False,False,0.541004,1.131281,0.134119,0.04187419610501239,0.0922448038949876
TSLG,TSLA,1.991306568637677,295.0,ols,0.113407,-0.077007,0.190414,95000,0.190414,False,False,False,,False,True,False,False,False,False,True,False,False,0.628881,1.223224,0.130092,0.09562264444809668,0.034469355551903336
TSMG,TSM,1.975519893145871,276.0,ols,0.061075,-0.024675,0.08574999999999999,50000,0.08574999999999999,False,False,False,,False,True,False,False,False,True,True,False,False,0.405684,0.799061,0.116916,0.04340629537445426,0.07350970462554575
UNHG,UNH,1.997834961047587,147.0,ols,0.046589,-0.010188999999999998,0.056777999999999995,300000,0.056777999999999995,False,False,False,,True,False,False,False,True,False,False,False,False,0.414025,0.890881,0.141194,0.028419764949066572,0.11277423505093341
UPSG,UPS,1.8977129428103636,47.0,ols,0.12060399999999999,-0.084204,0.204808,100,0.204808,False,False,False,,False,True,False,False,False,False,True,True,False,0.294827,,,0.10792359338430577,
VALG,VALE,1.963641324900387,41.0,ols,0.07991,-0.04351,0.12342,500,0.12342,False,False,False,,False,True,False,False,False,False,True,True,False,0.295407,,,0.06285261897625878,
XYZG,XYZ,1.9998626999562332,220.0,ols,0.09872600000000001,-0.062326,0.161052,900,0.161052,False,False,False,,False,True,False,False,False,False,True,True,False,0.510626,1.028085,0.142798,0.08053152849119322,0.06226647150880679
COIO,COIN,0.9666410855693768,131.0,ols,0.0025,0.0339,0.0,400,0.0,False,False,False,,True,False,False,False,True,False,False,True,False,0.800236,0.646657,0.017372,0.0,0.017372
MSOO,MSTR,0.998324883494516,131.0,ols,,,,0,,False,True,False,,False,True,False,False,False,False,True,True,False,0.958641,0.763078,-0.081741,,
NVDO,NVDA,0.9259915991369696,130.0,ols,0.040778,-0.004378,0.045156,400,0.045156,False,False,False,,True,False,False,False,True,False,False,True,False,0.509005,0.328005,-0.221053,0.04876502124002604,-0.269818021240026
PLOO,PLTR,0.9170275145708988,131.0,ols,0.230216,-0.193816,0.42403199999999996,100,0.42403199999999996,False,False,False,,False,True,False,False,False,False,True,True,False,0.627655,0.478358,-0.051738,0.4623983394853923,-0.5141363394853923
TSLO,TSLA,0.8466145408104947,131.0,ols,0.0025,0.0339,0.0,100,0.0,False,False,False,,True,False,False,False,True,False,False,True,False,0.628881,0.406212,0.125679,0.0,0.125679
CRCA,CRCL,1.9766206749323307,135.0,ols,0.127744,-0.091344,0.219088,3700000,0.219088,False,False,False,,False,True,False,False,False,False,True,False,False,1.143857,1.654159,0.293498,0.11083967843627884,0.18265832156372114
NVDB,NVDA,2.0006969344194254,111.0,ols,0.02727,0.009130000000000001,0.018139999999999996,100000,0.018139999999999996,False,False,False,,True,False,False,False,True,False,False,False,False,0.509005,0.709512,0.137206,0.009066840503388872,0.12813915949661112
PLTA,PLTR,1.9893841123185732,112.0,ols,0.058179999999999996,-0.02178,0.07996,35000,0.07996,False,False,False,,True,False,False,False,True,False,False,False,False,0.627655,1.029598,0.157942,0.040193344012790365,0.11774865598720963
TSLI,TSLA,1.9788130156602528,112.0,ols,0.037086,-0.000686,0.037772,5000,0.037772,False,False,False,,True,False,False,False,True,False,False,False,False,0.628881,0.897649,0.164706,0.019088210811771398,0.1456177891882286
COIA,COIN,1.9957694908797523,112.0,ols,0.08066100000000001,-0.044261,0.124922,15000,0.124922,False,False,False,,False,True,False,False,False,False,True,False,False,0.800236,1.378942,0.231744,0.06259340097684994,0.16915059902315005
BITU,IBIT,1.9918338624946328,473.0,ols,0.022959,0.013441000000000002,0.009517999999999999,150000,0.009517999999999999,False,False,False,,True,False,False,False,True,False,False,False,False,0.515055,0.994579,0.163831,0.004778510988903145,0.15905248901109686
ETHT,ETHA,1.992011636122584,396.0,ols,0.071884,-0.035484,0.107368,300000,0.107368,False,False,False,,False,True,False,False,False,True,True,False,False,0.75107,1.47512,0.198333,0.05389928354484412,0.1444337164551559
UXRP,XRPZ,2.01252912191765,59.0,ols,0.024980000000000002,0.01142,0.013560000000000003,500000,0.013560000000000003,False,False,False,,True,False,False,False,True,False,False,False,False,,1.6656,,0.006737790699435583,
SOLT,SOEZ,2.010689287453081,53.0,ols,0.018952,0.017447999999999998,0.0015040000000000019,1000000,0.0015040000000000019,False,False,False,,True,False,False,False,True,False,False,False,False,,1.582857,,0.000748002194762326,
TSLR,TSLA,1.974182327692786,622.0,ols,0.06098,-0.02458,0.08556,40000,0.08556,False,False,False,,False,True,False,False,False,True,True,False,False,0.628881,1.257924,0.098217,0.04333946201412583,0.05487753798587417
AAPB,AAPL,1.8863688077214669,885.0,ols,0.034012,0.002388,0.031624,7000,0.031624,False,False,False,,True,False,False,False,True,False,False,False,False,0.28435,0.566319,0.063934,0.016764484161609115,0.047169515838390894
AMDL,AMD,1.9992377421272545,482.0,ols,0.026246000000000002,0.010154000000000002,0.016092000000000002,1200000,0.016092000000000002,False,False,False,,True,False,False,False,True,False,False,False,False,0.559942,1.112323,0.125238,0.008049067732623729,0.11718893226737626
AMZZ,AMZN,1.9940166351438449,483.0,ols,0.040819999999999995,-0.00442,0.045239999999999995,2000,0.045239999999999995,False,False,False,,True,False,False,False,True,False,False,False,False,0.315663,0.635068,0.083074,0.022687874916718767,0.06038612508328123
AVGU,AVGO,1.988753814572126,152.0,ols,0.132791,-0.09639099999999999,0.229182,10000,0.229182,False,False,False,,False,True,False,False,False,False,True,False,False,0.539255,0.90308,0.091974,0.11523899957889347,-0.02326499957889347
BABX,BABA,1.9268650308259132,798.0,ols,0.009618999999999999,0.026781000000000003,0.0,650000,0.0,False,False,False,,True,False,False,False,True,False,False,False,False,0.438989,0.880866,0.056876,0.0,0.056876
BULX,BULL,1.967105079067533,117.0,ols,0.07965,-0.043250000000000004,0.12290000000000001,8000,0.12290000000000001,False,False,False,,False,True,False,False,False,False,True,False,False,2.73415,1.128247,0.246596,0.06247759782017252,0.1841184021798275
CONL,COIN,1.7579422299036755,885.0,ols,0.08752599999999999,-0.051126,0.138652,350000,0.138652,False,False,False,,False,True,False,False,False,False,True,False,False,0.800236,1.59015,0.106983,0.0788717613363195,0.028111238663680496
CRWL,CRWD,1.995490134118198,317.0,ols,0.075281,-0.038881,0.114162,8000,0.114162,False,False,False,,False,True,False,False,False,True,True,False,False,0.466095,0.915119,0.176825,0.05721000472420171,0.1196149952757983
DLLL,DELL,1.9825652579885904,254.0,ols,0.158645,-0.122245,0.28089000000000003,9000,0.28089000000000003,False,False,False,,False,True,False,False,False,False,True,False,False,0.566338,1.03027,0.086291,0.14168007780231998,-0.05538907780231997
ETRL,ETOR,1.998234360610377,117.0,ols,0.113143,-0.07674299999999999,0.189886,1000,0.189886,False,False,False,,False,True,False,False,False,False,True,False,False,0.682182,1.150717,0.154905,0.09502689161145131,0.05987810838854868
GOU,GOOGL,2.025161671013199,54.0,ols,0.10212,-0.06572,0.16784,10000,0.16784,False,False,False,,False,True,False,False,False,False,True,False,False,0.299836,,,0.08287733389504096,
INTW,INTC,1.9884264851125544,255.0,ols,0.034804,0.001596,0.033208,80000,0.033208,False,False,False,,True,False,False,False,True,False,False,False,False,0.614839,1.367027,0.111628,0.016700642567693554,0.09492735743230646
IONL,IONQ,1.9903478776959749,227.0,ols,0.23139800000000002,-0.194998,0.426396,80000,0.426396,False,False,False,,False,True,False,False,False,False,True,False,False,1.072066,1.937944,0.196869,0.2142318962319269,-0.01736289623192691
ISUL,ISRG,2.003150697467164,93.0,ols,0.092197,-0.055797,0.14799400000000001,1000,0.14799400000000001,False,False,False,,False,True,False,False,False,False,True,False,False,0.313676,0.69083,0.107062,0.07388061227102259,0.03318138772897741
LCDL,LCID,1.9658588628515483,209.0,ols,0.271227,-0.234827,0.506054,100000,0.506054,False,False,False,,False,True,False,False,False,False,True,False,False,0.773547,1.543086,0.201072,0.2574213284395964,-0.05634932843959642
MRAL,MARA,1.980897766067938,240.0,ols,0.314109,-0.277709,0.591818,1100000,0.591818,False,False,False,,False,True,False,False,False,False,True,False,False,0.924928,1.683758,0.209383,0.2987625157328299,-0.0893795157328299
FBL,META,1.8136469470498624,798.0,ols,,,,0,,False,True,False,,False,True,False,False,False,False,True,True,False,0.35353,0.706904,0.054992,,
MVLL,MRVL,1.9981543257210763,240.0,ols,0.11115,-0.07475,0.1859,85000,0.1859,False,False,False,,False,True,False,False,False,False,True,False,False,0.628796,1.223706,0.15528,0.09303585694408967,0.062244143055910334
MSFL,MSFT,1.9901984181466903,483.0,ols,0.031798,0.004602,0.027195999999999998,200000,0.027195999999999998,False,False,False,,True,False,False,False,True,False,False,False,False,0.238868,0.477104,0.092846,0.013664969156856941,0.07918103084314305
MSTP,MSTR,1.993496677280321,175.0,ols,0.430478,-0.39407800000000004,0.8245560000000001,100000,0.8245560000000001,False,False,False,,False,True,False,False,False,False,True,False,False,0.958641,1.407064,0.210185,0.41362296180243535,-0.20343796180243534
MULL,MU,1.9980363829121088,317.0,ols,0.102832,-0.066432,0.16926400000000003,60000,0.16926400000000003,False,False,False,,False,True,False,False,False,False,True,False,False,0.601977,1.280872,0.167947,0.08471517408171528,0.08323182591828474
NBIL,NBIS,2.0011058266889785,93.0,ols,0.108958,-0.072558,0.181516,100000,0.181516,False,False,False,,False,True,False,False,False,False,True,False,False,1.114079,1.856722,0.127748,0.09070784642126381,0.03704015357873619
NOWL,NOW,1.9892363015926555,152.0,ols,0.106051,-0.06965099999999999,0.175702,150000,0.175702,False,False,False,,False,True,False,False,False,False,True,False,False,0.393829,0.746097,0.143344,0.08832635914563118,0.05501764085436882
NVDL,NVDA,1.8175607134148573,797.0,ols,0.071125,-0.034725,0.10585,8000,0.10585,False,False,False,,False,True,False,False,False,True,True,False,False,0.509005,1.011579,0.023018,0.05823739433778122,-0.03521939433778122
PDDL,PDD,2.007014996262908,152.0,ols,0.142262,-0.105862,0.248124,35000,0.248124,False,False,False,,False,True,False,False,False,False,True,False,False,0.482264,0.606298,0.086818,0.12362837371021672,-0.03681037371021671
PTIR,PLTR,1.9969545723704227,366.0,ols,0.018023,0.018376999999999998,0.0,250000,0.0,False,False,False,,True,False,False,False,True,False,False,False,False,0.627655,1.330848,0.094802,0.0,0.094802
QCML,QCOM,1.9731297395091385,221.0,ols,0.119151,-0.082751,0.20190200000000003,100000,0.20190200000000003,False,False,False,,False,True,False,False,False,False,True,False,False,0.38639,0.773291,0.090538,0.10232575991187878,-0.01178775991187879
RDTL,RDDT,1.9818362911871763,228.0,ols,0.107305,-0.070905,0.17820999999999998,45000,0.17820999999999998,False,False,False,,False,True,False,False,False,False,True,False,False,0.834982,1.460748,0.174951,0.08992165538216434,0.08502934461783565
RVNL,RIVN,1.993562622845516,209.0,ols,0.6980759999999999,-0.6616759999999999,1.3597519999999998,10000,1.3597519999999998,False,False,False,,False,True,False,False,False,False,True,False,False,0.721833,1.3096,0.132179,0.6820713753446855,-0.5498923753446856
SMCL,SMCI,1.988368080618856,295.0,ols,0.157179,-0.120779,0.27795800000000004,250000,0.27795800000000004,False,False,False,,False,True,False,False,False,False,True,False,False,0.993876,1.666632,0.398911,0.13979202478119085,0.25911897521880917
TSMU,TSM,1.9913969155291205,317.0,ols,0.059737,-0.023337,0.083074,30000,0.083074,False,False,False,,False,True,False,False,False,True,True,False,False,0.405684,0.797293,0.161689,0.041716445050296244,0.11997255494970376
UBRL,UBER,1.996047651089978,366.0,ols,0.009423,0.026977,0.0,45000,0.0,False,False,False,,True,False,False,False,True,False,False,False,False,0.378102,0.770245,0.089868,0.0,0.089868
VRTL,VRT,1.983895083136844,228.0,ols,0.03082,0.005580000000000001,0.02524,8000,0.02524,False,False,False,,True,False,False,False,True,False,False,False,False,0.656628,1.276834,0.15717,0.012722446975417506,0.1444475530245825
AMYY,AMD,0.3106191513510252,108.0,ols,0.12727,-0.09086999999999999,0.21814,1000,0.21814,False,False,False,,False,True,False,False,False,False,True,False,False,0.559942,0.292976,0.099633,0.7022747923017917,-0.6026417923017917
AZYY,AMZN,0.6289559224122095,108.0,ols,0.055662,-0.019261999999999998,0.074924,100,0.074924,False,False,False,,True,False,False,False,True,False,False,True,False,0.315663,0.238495,0.268749,0.11912440495455863,0.1496245950454414
BBYY,BABA,0.6260410447209215,82.0,ols,0.37223999999999996,-0.33584,0.70808,1000,0.70808,False,False,False,,False,True,False,False,False,False,True,False,False,0.438989,0.288259,0.178141,1.1310440520966962,-0.9529030520966962
XBTY,IBIT,0.552011821045897,194.0,ols,0.040829000000000004,-0.004429,0.04525800000000001,20000,0.04525800000000001,False,False,True,,True,False,True,False,True,False,False,False,False,0.515055,0.296891,0.246831,0.08198737468021909,0.16484362531978092
COYY,COIN,0.5187956152530213,142.0,ols,0.119259,-0.082859,0.20211800000000002,100000,0.20211800000000002,False,False,False,,False,True,False,False,False,False,True,False,False,0.800236,0.401491,0.69653,0.38959080234597826,0.3069391976540217
NUGY,GDX,0.5301639548137983,63.0,ols,1.198007,-1.161607,2.359614,45000,2.359614,False,False,False,,False,True,False,False,False,False,True,False,False,0.374226,0.303194,0.330354,4.450725060757351,-4.120371060757352
HMYY,HIMS,0.4518352605832548,54.0,ols,0.482519,-0.446119,0.928638,100,0.928638,False,False,False,,False,True,False,False,False,False,True,True,False,0.995668,,,2.055257924760588,
HOYY,HOOD,0.519178350863425,98.0,ols,0.153087,-0.116687,0.269774,20000,0.269774,False,False,False,,False,True,False,False,False,False,True,False,False,0.702848,0.433399,0.644938,0.5196171981195855,0.1253208018804145
IOYY,IONQ,0.4167277325805982,73.0,ols,0.089436,-0.053036,0.142472,15000,0.142472,False,False,False,,False,True,False,False,False,False,True,False,False,1.072066,0.428,0.461262,0.34188269428995793,0.11937930571004207
MAAY,MARA,0.3335460947355152,73.0,ols,0.068454,-0.032054,0.100508,2000,0.100508,False,False,True,,False,True,True,False,True,False,False,False,False,0.924928,0.361799,1.066389,0.3013316647574532,0.7650573352425468
FBYY,META,0.5961955641290669,81.0,ols,0.046191,-0.009791,0.055982000000000004,2000,0.055982000000000004,False,False,True,,True,False,True,False,True,False,False,False,False,0.35353,0.273069,0.559519,0.09389871942737364,0.46562028057262633
MTYY,MSTR,0.3902837389663751,103.0,ols,0.0571,-0.0207,0.0778,700,0.0778,False,False,True,,True,False,True,False,True,False,False,True,False,0.958641,0.396985,1.539581,0.19934215093368995,1.3402388490663102
NVYY,NVDA,0.6598357657620515,193.0,ols,0.036991,-0.0005909999999999999,0.037582000000000004,3000,0.037582000000000004,False,False,True,,True,False,True,False,True,False,False,False,False,0.509005,0.250439,-0.052177,0.056956597308113706,-0.1091335973081137
PLYY,PLTR,0.5576099289950511,103.0,ols,0.09620200000000001,-0.059802,0.156004,3000,0.156004,False,False,False,,False,True,False,False,False,False,True,False,False,0.627655,0.326007,0.172019,0.2797726365474826,-0.10775363654748257
QBY,QBTS,0.2886538925375911,55.0,ols,0.105051,-0.068651,0.17370200000000002,800,0.17370200000000002,False,False,False,,False,True,False,False,False,False,True,True,False,1.425187,,,0.6017656594649212,
TQQY,QQQ,0.8594828733760836,247.0,ols,0.04549400000000001,-0.009094,0.054588000000000005,30000,0.054588000000000005,False,False,True,,True,False,True,False,True,False,False,False,False,0.209832,0.253323,0.19847,0.06351260937355985,0.13495739062644016
RGYY,RGTI,0.3228133199940529,58.0,ols,0.5713199999999999,-0.53492,1.10624,400,1.10624,False,False,False,,False,True,False,False,False,False,True,True,False,1.503069,,,3.426872224542593,
RTYY,RIOT,0.3779552492455046,54.0,ols,1.255884,-1.219484,2.475368,8000,2.475368,False,False,False,,False,True,False,False,False,False,True,False,False,0.888509,,,6.549367960734685,
SEMY,SOXX,0.8597790007796178,63.0,ols,0.502194,-0.465794,0.9679880000000001,35000,0.9679880000000001,False,False,False,,False,True,False,False,False,False,True,False,False,0.376585,0.315768,0.336368,1.1258567598444043,-0.7894887598444043
SMYY,SMCI,0.4428133846047074,98.0,ols,0.10074299999999999,-0.064343,0.16508599999999998,10000,0.16508599999999998,False,False,False,,False,True,False,False,False,False,True,False,False,0.993876,0.363006,0.458872,0.3728116758425667,0.08606032415743331
YSPY,SPY,0.7840739448922007,221.0,ols,0.051584000000000005,-0.015184,0.06676800000000001,25000,0.06676800000000001,False,False,False,,True,False,False,False,True,False,False,False,False,0.163949,0.200224,-0.109815,0.08515523368038927,-0.19497023368038927
TSYY,TSLA,0.5395096960159962,292.0,ols,0.049103,-0.012702999999999999,0.061806,450000,0.061806,False,False,True,,True,False,True,False,True,False,False,False,False,0.628881,0.405154,0.215665,0.11455957224940677,0.10110542775059322
QYLD,QQQ,0.609373582246881,3064.0,ols,0.015221,0.021179,0.0,650000,0.0,False,False,False,,True,False,False,False,True,False,False,False,False,0.209832,,,0.0,
QYLG,QQQ,0.7718727555299695,1358.0,ols,0.019128,0.017272,0.001856,100000,0.001856,False,False,False,,True,False,False,False,True,False,False,False,False,0.209832,,,0.002404541404918051,
QQQX,QQQ,0.8404223709142965,4793.0,ols,0.011009,0.025391,0.0,250000,0.0,False,False,False,,True,False,False,False,True,False,False,False,False,0.209832,0.18017,-0.005366,0.0,-0.005366
JEPQ,QQQ,0.7220562581623027,952.0,ols,0.008501,0.027898999999999997,0.0,1700000,0.0,False,False,False,,True,False,False,False,True,False,False,False,False,0.209832,0.164466,-0.027955,0.0,-0.027955
XYLD,SPY,0.6938388884241693,3184.0,ols,0.040591,-0.004190999999999999,0.044782,30000,0.044782,False,False,False,,True,False,False,False,True,False,False,False,False,0.163949,,,0.06454236098196779,
XYLG,SPY,0.7828197975907032,1350.0,ols,0.03257,0.00383,0.02874,60000,0.02874,False,False,False,,True,False,False,False,True,False,False,False,False,0.163949,,,0.03671343020252369,
JEPI,SPY,0.5540040837652468,1444.0,ols,0.014292000000000001,0.022108,0.0,800000,0.0,False,False,False,,True,False,False,False,True,False,False,False,False,0.163949,0.109108,-0.005378,0.0,-0.005378
SPYI,SPY,0.7562424275413742,871.0,ols,0.0037990000000000003,0.032601,0.0,3100000,0.0,False,False,False,,True,False,False,False,True,False,False,False,False,0.163949,0.136307,-0.01642,0.0,-0.01642
RYLD,IWM,0.5741720183615849,1718.0,ols,0.080126,-0.043726,0.123852,200000,0.123852,False,False,False,,False,True,False,False,False,False,True,False,False,0.214402,,,0.2157053914842715,
ABNY,ABNB,0.7929772275293344,415.0,ols,0.040561999999999994,-0.004162,0.04472399999999999,800,0.04472399999999999,False,False,False,,True,False,False,False,True,False,False,True,False,0.353577,0.303985,0.032349,0.056400106393150524,-0.02405110639315052
AIYY,AI,0.7176740817782761,558.0,ols,0.08869400000000001,-0.052294,0.140988,45000,0.140988,False,False,False,,False,True,False,False,False,False,True,False,False,0.656131,0.502002,0.280625,0.1964512911636092,0.0841737088363908
AMDY,AMD,0.7868922380670859,607.0,ols,0.029952999999999997,0.0064470000000000005,0.023505999999999996,70000,0.023505999999999996,False,False,False,,True,False,False,False,True,False,False,False,False,0.559942,0.456316,0.041965,0.029871942894925355,0.012093057105074648
AMZY,AMZN,0.779709840265137,646.0,ols,0.031983000000000004,0.004417,0.027566000000000004,100000,0.027566000000000004,False,False,False,,True,False,False,False,True,False,False,False,False,0.315663,0.24932,-0.004916,0.03535417738299455,-0.04027017738299456
APLY,AAPL,0.7778622728673327,713.0,ols,0.11050499999999999,-0.074105,0.18461,35000,0.18461,False,False,False,,False,True,False,False,False,False,True,False,False,0.28435,0.232688,0.046673,0.23732993158222745,-0.19065693158222746
BABO,BABA,0.7698185883249641,384.0,ols,0.050010000000000006,-0.01361,0.06362000000000001,25000,0.06362000000000001,False,False,False,,True,False,False,False,True,False,False,False,False,0.438989,0.369605,0.083245,0.08264284724330928,0.0006021527566907187
BRKC,BRK-B,0.7902534568168242,178.0,ols,0.025758,0.010642,0.015116,2000,0.015116,False,False,False,,True,False,False,False,True,False,False,False,False,0.168256,0.114925,0.021199,0.019128040338966583,0.002070959661033416
CONY,COIN,0.7464394007121986,631.0,ols,0.094709,-0.058309,0.153018,65000,0.153018,False,False,False,,False,True,False,False,False,False,True,False,False,0.800236,0.620975,0.17296,0.20499721726104125,-0.03203721726104125
CRCO,CRCL,0.8268653110359862,98.0,ols,0.209609,-0.17320900000000003,0.382818,20000,0.382818,False,False,False,,False,True,False,False,False,False,True,False,False,1.143857,0.708307,0.162355,0.4629750394539641,-0.3006200394539641
CVNY,CVNA,0.8221563771579856,264.0,ols,,,,0,,False,True,False,,False,True,False,False,False,False,True,True,False,0.752221,0.606708,0.038973,,
DISO,DIS,0.7226933599548919,623.0,ols,0.159745,-0.123345,0.28309,10000,0.28309,False,False,False,,False,True,False,False,False,False,True,False,False,0.276299,0.219723,0.00296,0.3917152359303115,-0.38875523593031147
DRAY,DKNG,0.8311087552211388,152.0,ols,0.06968099999999999,-0.033281,0.102962,600,0.102962,False,False,False,,False,True,False,False,False,True,True,True,False,0.476263,0.411947,0.105168,0.1238851105263645,-0.018717110526364503
FBY,META,0.7356045123144621,643.0,ols,0.019625,0.016774999999999998,0.002850000000000002,150000,0.002850000000000002,False,False,False,,True,False,False,False,True,False,False,False,False,0.35353,0.286808,0.015608,0.0038743644883755973,0.011733635511624404
GMEY,GME,0.6352103475576256,113.0,ols,,,,0,,False,True,False,,False,True,False,False,False,False,True,True,False,1.127072,0.272775,0.215534,,
GOOY,GOOGL,0.7432007667506576,643.0,ols,0.03884,-0.00244,0.04128,150000,0.04128,False,False,False,,True,False,False,False,True,False,False,False,False,0.299836,0.232957,0.006251,0.055543537960112674,-0.049292537960112674
HIYY,HIMS,0.8770921156149027,103.0,ols,,,,0,,False,True,False,,False,True,False,False,False,False,True,True,False,0.995668,0.637535,-0.007003,,
HOOY,HOOD,0.7897546970447291,197.0,ols,0.054931,-0.018531,0.073462,9000,0.073462,False,False,False,,True,False,False,False,True,False,False,False,False,0.702848,0.534753,0.179512,0.09301875667836561,0.0864932433216344
MARO,MARA,0.7797170442011643,298.0,ols,0.026088,0.010311999999999998,0.015776000000000002,80000,0.015776000000000002,False,False,True,,True,False,True,False,True,False,False,False,False,0.924928,0.663637,0.224558,0.020232980819552087,0.20432501918044793
MRNY,MRNA,0.7500406706030962,582.0,ols,0.121982,-0.08558199999999999,0.20756399999999997,100000,0.20756399999999997,False,False,False,,False,True,False,False,False,False,True,False,False,0.668042,0.524936,0.232859,0.27673699325278045,-0.04387799325278044
MSFO,MSFT,0.7727354297269126,623.0,ols,0.071487,-0.035087,0.106574,50000,0.106574,False,False,False,,False,True,False,False,False,True,True,False,False,0.238868,0.195858,-0.014671,0.13791783824078524,-0.15258883824078523
MSTY,MSTR,0.7383487439761555,500.0,ols,0.059768,-0.023368000000000003,0.083136,1000000,0.083136,False,False,False,,False,True,False,False,False,True,True,False,False,0.958641,0.731441,0.07276,0.11259719838120943,-0.03983719838120943
NFLY,NFLX,0.7911411797884897,635.0,ols,0.017064,0.019336,0.0,65000,0.0,False,False,False,,True,False,False,False,True,False,False,False,False,0.311674,0.256913,-0.011752,0.0,-0.011752
NVDY,NVDA,0.7418768978971703,695.0,ols,0.033199,0.003201,0.029998,1200000,0.029998,False,False,False,,True,False,False,False,True,False,False,False,False,0.509005,0.419176,-0.042043,0.040435279875985504,-0.0824782798759855
PLTY,PLTR,0.7943691310466696,342.0,ols,0.08729300000000001,-0.050892999999999994,0.138186,10000,0.138186,False,False,False,,False,True,False,False,False,False,True,False,False,0.627655,0.543543,0.174615,0.1739569107096654,0.0006580892903345903
PYPY,PYPL,0.7828401944244152,602.0,ols,0.061943,-0.025543,0.087486,10000,0.087486,False,False,False,,False,True,False,False,False,True,True,False,False,0.370151,0.31025,0.002654,0.11175460920772501,-0.109100609207725
RBLY,RBLX,0.8464160751114452,142.0,ols,,,,0,,False,True,False,,False,True,False,False,False,False,True,True,False,0.517304,0.515195,-0.029078,,
RDYY,RDDT,0.8299007832277706,113.0,ols,0.086676,-0.050275999999999994,0.136952,25000,0.136952,False,False,False,,False,True,False,False,False,False,True,False,False,0.834982,0.565829,0.214039,0.1650221361008317,0.04901686389916832
SMCY,SMCI,0.7429536346562472,360.0,ols,0.076616,-0.040216,0.116832,400000,0.116832,False,False,False,,False,True,False,False,False,True,True,False,False,0.993876,0.748457,0.256083,0.1572534200657842,0.09882957993421582
SNOY,SNOW,0.7905441345879431,424.0,ols,0.056339,-0.019939,0.076278,20000,0.076278,False,False,False,,True,False,False,False,True,False,False,False,False,0.529859,0.43312,0.025812,0.09648797159156526,-0.07067597159156526
TSLY,TSLA,0.7384031498528115,811.0,ols,0.050732,-0.014332000000000001,0.065064,500000,0.065064,False,False,False,,True,False,False,False,True,False,False,False,False,0.628881,0.487088,0.047795,0.08811446702654156,-0.040319467026541565
TSMY,TSM,0.7908643100859064,375.0,ols,0.043639000000000004,-0.007239,0.05087800000000001,65000,0.05087800000000001,False,False,False,,True,False,False,False,True,False,False,False,False,0.405684,0.32774,0.047687,0.06433214819679176,-0.016645148196791755
XOMO,XOM,0.7831652143890835,619.0,ols,0.075229,-0.038828999999999995,0.11405799999999999,40000,0.11405799999999999,False,False,False,,False,True,False,False,False,True,True,False,False,0.222535,0.1851,0.042213,0.1456372140953326,-0.10342421409533259
XYZY,XYZ,0.8007186141927615,591.0,ols,0.034689,0.001711,0.032978,3000,0.032978,False,False,False,,True,False,False,False,True,False,False,False,False,0.510626,0.420885,0.043674,0.04118550439001162,0.0024884956099883795
AAPW,AAPL,1.0930545085301366,251.0,ols,0.173515,-0.137115,0.31062999999999996,15000,0.31062999999999996,False,False,False,,False,True,False,False,False,False,True,False,False,0.28435,0.366178,0.044169,0.2841852785710691,-0.2400162785710691
AMDW,AMD,1.1971523199760918,145.0,ols,0.025434000000000002,0.010966,0.014468000000000002,30000,0.014468000000000002,False,False,False,,True,False,False,False,True,False,False,False,False,0.559942,0.775396,0.088764,0.012085345998651985,0.07667865400134802
AMZW,AMZN,1.2143360119828972,169.0,ols,0.038655,-0.002255,0.04091,40000,0.04091,False,False,False,,True,False,False,False,True,False,False,False,False,0.315663,0.375248,0.045625,0.03368919277391584,0.011935807226084158
ARMW,ARM,1.1852617032509982,81.0,ols,0.057544000000000005,-0.021144,0.07868800000000001,3000,0.07868800000000001,False,False,False,,True,False,False,False,True,False,False,False,False,0.632733,0.524959,0.107309,0.06638871380402354,0.04092028619597646
AVGW,AVGO,1.1982566978698443,145.0,ols,0.122591,-0.08619099999999999,0.208782,30000,0.208782,False,False,False,,False,True,False,False,False,False,True,False,False,0.539255,0.550409,0.084915,0.1742381247450186,-0.08932312474501859
BABW,BABA,1.2226513766219878,81.0,ols,0.020895999999999998,0.015504,0.0053919999999999975,3000,0.0053919999999999975,False,False,False,,True,False,False,False,True,False,False,False,False,0.438989,0.486858,0.036571,0.004410087865681981,0.032160912134318015
BRKW,BRK-B,1.1607320599141466,169.0,ols,0.007054,0.029346,0.0,10000,0.0,False,False,False,,True,False,False,False,True,False,False,False,False,0.168256,0.163532,0.042617,0.0,0.042617
COIW,COIN,1.2164030904874186,252.0,ols,0.091129,-0.054729,0.145858,100000,0.145858,False,False,False,,False,True,False,False,False,False,True,False,False,0.800236,0.917649,0.042438,0.1199092645691602,-0.0774712645691602
COSW,COST,1.2429865577289716,81.0,ols,0.092197,-0.055797,0.14799400000000001,5000,0.14799400000000001,False,False,False,,False,True,False,False,False,False,True,False,False,0.208799,0.267798,0.056121,0.11906323449739956,-0.06294223449739955
GDXW,GDX,1.2020632557321067,76.0,ols,0.593168,-0.556768,1.149936,55000,1.149936,False,False,False,,False,True,False,False,False,False,True,False,False,0.374226,0.608932,0.09267,0.9566351808163714,-0.8639651808163714
GLDW,GOLD,0.3281774145224265,76.0,ols,0.896717,-0.860317,1.757034,20000,1.757034,False,False,False,,False,True,False,False,False,False,True,False,False,0.497241,0.402475,-0.010132,5.353915054017011,-5.364047054017011
GOOW,GOOGL,1.2316188238586443,145.0,ols,0.143806,-0.107406,0.251212,30000,0.251212,False,False,False,,False,True,False,False,False,False,True,False,False,0.299836,0.347293,0.095489,0.20396895137811905,-0.10847995137811904
HOOW,HOOD,1.2062266770028165,169.0,ols,0.00922,0.02718,0.0,65000,0.0,False,False,True,,True,False,True,False,True,False,False,False,False,0.702848,0.826368,0.070103,0.0,0.070103
METW,META,1.1817442445913149,169.0,ols,0.232728,-0.196328,0.429056,30000,0.429056,False,False,False,,False,True,False,False,False,False,True,False,False,0.35353,0.401249,0.046198,0.36307009910454974,-0.3168720991045497
MSFW,MSFT,1.2129809881345053,145.0,ols,0.0055969999999999995,0.030802999999999997,0.0,9000,0.0,False,False,True,,True,False,True,False,True,False,False,False,False,0.238868,0.298452,0.042319,0.0,0.042319
MSTW,MSTR,1.227707158453296,145.0,ols,0.042196,-0.005796,0.047992,100000,0.047992,False,False,True,,True,False,True,False,True,False,False,False,False,0.958641,0.908266,0.051453,0.0390907552094604,0.0123622447905396
NFLW,NFLX,1.1882306859782816,168.0,ols,0.027302,0.009098,0.018203999999999998,35000,0.018203999999999998,False,False,True,,True,False,True,False,True,False,False,False,False,0.311674,0.351324,0.047733,0.015320257433860557,0.03241274256613944
NVDW,NVDA,1.2013468762769453,251.0,ols,0.085189,-0.048789,0.13397799999999999,100000,0.13397799999999999,False,False,False,,False,True,False,False,False,False,True,False,False,0.509005,0.534359,0.054596,0.11152316008446021,-0.056927160084460214
PLTW,PLTR,1.1915702763088816,252.0,ols,0.00809,0.02831,0.0,60000,0.0,False,False,True,,True,False,True,False,True,False,False,False,False,0.627655,0.742649,0.065671,0.0,0.065671
TSLW,TSLA,1.1980405141978288,252.0,ols,0.060793,-0.024392999999999998,0.085186,200000,0.085186,False,False,False,,False,True,False,False,False,True,True,False,False,0.628881,0.736113,0.049166,0.07110444011740115,-0.021938440117401148
TSYW,TLT,1.17996426095391,65.0,ols,0.11244,-0.07604,0.18847999999999998,1000,0.18847999999999998,False,False,False,,False,True,False,False,False,False,True,False,False,0.126805,0.10049,0.059252,0.15973365146468796,-0.10048165146468796
UBEW,UBER,1.2134840025651596,81.0,ols,0.098286,-0.061886000000000004,0.160172,3000,0.160172,False,False,False,,False,True,False,False,False,False,True,False,False,0.378102,0.408501,0.044113,0.13199349942925956,-0.08788049942925956
UNHW,UNH,1.1951394510229958,53.0,ols,0.289177,-0.252777,0.541954,2000,0.541954,False,False,False,,False,True,False,False,False,False,True,False,False,0.414025,,,0.45346507433597577,
DUST,,,,,0.068046,-0.031646,0.099692,1200000,0.099692,False,False,True,,False,True,True,False,True,False,False,False,False,,0.744125,,,
EWV,,,,,0.047544,-0.011144000000000001,0.058688000000000004,10000,0.058688000000000004,False,False,True,,True,False,True,False,True,False,False,False,False,,0.38166,,,
FAZ,,,,,0.09859,-0.06219,0.16078,85000,0.16078,False,False,True,,False,True,True,False,True,False,False,False,False,,0.515973,,,
LABD,,,,,0.082331,-0.045931,0.128262,150000,0.128262,False,False,True,,False,True,True,False,True,False,False,False,False,,0.787997,,,
NVDQ,,,,,0.082996,-0.046596,0.12959199999999998,300000,0.12959199999999998,False,False,True,,False,True,True,False,True,False,False,False,False,,1.015303,,,
SDS,,,,,0.042546,-0.006146,0.048692,40000,0.048692,False,False,True,,True,False,True,False,True,False,False,False,False,,0.317536,,,
SOXS,,,,,0.016814,0.019586,0.0,0,0.0,False,False,True,,True,False,True,False,True,False,False,True,False,,1.12611,,,
SQQQ,,,,,0.036755,-0.00035499999999999996,0.037110000000000004,300000,0.037110000000000004,False,False,True,,True,False,True,False,True,False,False,False,False,,0.624597,,,
TSLQ,,,,,0.021276000000000003,0.015124,0.006152000000000003,300000,0.006152000000000003,False,False,True,,True,False,True,False,True,False,False,False,False,,1.175609,,,
ZSL,,,,,,,,0,,False,True,True,,False,True,False,True,False,True,True,True,False,,0.894009,,,
